discrepancyNo,classNo,discrepancyCategory,inputName,inputList,libraryName,driverName,funcName,output,absErrs,relErrs
0,000,6,all_negInfInput_pos0,[-inf],scipy,scipy_sc_zetac_DRIVER0,zetac,nan,,
0,000,6,all_negInfInput_pos0,[-inf],gsl,gsl_sf_zetam1_DRIVER,gsl_sf_zetam1,EXCEPTION: overflow ,,
1,000,6,scipy_sc_zetac_DRIVER0~inputs_num001,[1.0],scipy,scipy_sc_zetac_DRIVER0,zetac,inf,,
1,000,6,scipy_sc_zetac_DRIVER0~inputs_num001,[1.0],gsl,gsl_sf_zetam1_DRIVER,gsl_sf_zetam1,EXCEPTION: domain error ,,
2,001,3,all_infInput_pos0,"[0, inf]",scipy,scipy_spherical_yn_DRIVER1,spherical_yn,0.0,,
2,001,3,all_infInput_pos0,"[0, inf]",gsl,gsl_sf_bessel_yl_DRIVER,gsl_sf_bessel_yl,nan,,
3,001,6,all_negZeroInput_pos0,"[0, -0.0]",scipy,scipy_spherical_yn_DRIVER1,spherical_yn,-inf,,
3,001,6,all_negZeroInput_pos0,"[0, -0.0]",gsl,gsl_sf_bessel_yl_DRIVER,gsl_sf_bessel_yl,EXCEPTION: domain error ,,
4,002,6,all_nanInput_pos0,[nan],mpmath,mpmath_zeta_DRIVER0,zeta,nan,,
4,002,6,all_nanInput_pos0,[nan],gsl,gsl_sf_zeta_DRIVER,gsl_sf_zeta,EXCEPTION: overflow ,,
5,002,6,all_negInfInput_pos0,[-inf],mpmath,mpmath_zeta_DRIVER0,zeta,nan,,
5,002,6,all_negInfInput_pos0,[-inf],gsl,gsl_sf_zeta_DRIVER,gsl_sf_zeta,EXCEPTION: overflow ,,
6,003,6,all_infInput_pos0,"[0, inf]",mpmath,mpmath_fp_psi_DRIVER1,psi,EXCEPTION: cannot convert float infinity to integer,,
6,003,6,all_infInput_pos0,"[0, inf]",scipy,scipy_special_polygamma_DRIVER1,polygamma,inf,,
6,003,6,all_infInput_pos0,"[0, inf]",gsl,gsl_sf_psi_n_DRIVER,gsl_sf_psi_n,inf,,
7,003,6,all_nanInput_pos0,"[0, nan]",mpmath,mpmath_fp_psi_DRIVER1,psi,EXCEPTION: cannot convert float NaN to integer,,
7,003,6,all_nanInput_pos0,"[0, nan]",scipy,scipy_special_polygamma_DRIVER1,polygamma,nan,,
7,003,6,all_nanInput_pos0,"[0, nan]",gsl,gsl_sf_psi_n_DRIVER,gsl_sf_psi_n,nan,,
8,003,6,all_negZeroInput_pos0,"[0, -0.0]",mpmath,mpmath_fp_psi_DRIVER1,psi,EXCEPTION: polygamma pole,,
8,003,6,all_negZeroInput_pos0,"[0, -0.0]",scipy,scipy_special_polygamma_DRIVER1,polygamma,inf,,
8,003,6,all_negZeroInput_pos0,"[0, -0.0]",gsl,gsl_sf_psi_n_DRIVER,gsl_sf_psi_n,EXCEPTION: domain error ,,
9,003,4,gsl_sf_psi_n_DRIVER~input_num011,"[10, 50.0]",mpmath,mpmath_fp_psi_DRIVER1,psi,-4.101091217179369e-12,"{'mpmath/scipy': 1.0444810079383221e-19, 'mpmath/gsl': 1.0444809756265794e-19, 'scipy/gsl': 3.2311742677852644e-27}","{'mpmath/scipy': 2.088962015876644e-11, 'mpmath/gsl': 2.0889619512531588e-11, 'scipy/gsl': 6.462348535570529e-19}"
9,003,4,gsl_sf_psi_n_DRIVER~input_num011,"[10, 50.0]",scipy,scipy_special_polygamma_DRIVER1,polygamma,-4.101091112731268e-12,"{'mpmath/scipy': 1.0444810079383221e-19, 'mpmath/gsl': 1.0444809756265794e-19, 'scipy/gsl': 3.2311742677852644e-27}","{'mpmath/scipy': 2.088962015876644e-11, 'mpmath/gsl': 2.0889619512531588e-11, 'scipy/gsl': 6.462348535570529e-19}"
9,003,4,gsl_sf_psi_n_DRIVER~input_num011,"[10, 50.0]",gsl,gsl_sf_psi_n_DRIVER,gsl_sf_psi_n,-4.101091112731271e-12,"{'mpmath/scipy': 1.0444810079383221e-19, 'mpmath/gsl': 1.0444809756265794e-19, 'scipy/gsl': 3.2311742677852644e-27}","{'mpmath/scipy': 2.088962015876644e-11, 'mpmath/gsl': 2.0889619512531588e-11, 'scipy/gsl': 6.462348535570529e-19}"
10,004,6,all_infInput_pos0,"[0, inf]",mpmath,mpmath_bessely_DRIVER1,bessely,EXCEPTION: unsupported operand type(s) for //: 'mpf' and 'int',,
10,004,6,all_infInput_pos0,"[0, inf]",scipy,scipy_cephes_yn_DRIVER1,yn,nan,,
10,004,6,all_infInput_pos0,"[0, inf]",scipy,scipy_cephes_yv_DRIVER1,yv,nan,,
10,004,6,all_infInput_pos0,"[0, inf]",scipy,scipy_cephes_yve_DRIVER1,yve,nan,,
10,004,6,all_infInput_pos0,"[0, inf]",gsl,gsl_sf_bessel_Yn_DRIVER,gsl_sf_bessel_Yn,EXCEPTION: underflow ,,
11,004,6,all_nanInput_pos0,"[0, nan]",mpmath,mpmath_bessely_DRIVER1,bessely,EXCEPTION: cannot convert inf or nan to int,,
11,004,6,all_nanInput_pos0,"[0, nan]",scipy,scipy_cephes_yn_DRIVER1,yn,nan,,
11,004,6,all_nanInput_pos0,"[0, nan]",scipy,scipy_cephes_yv_DRIVER1,yv,nan,,
11,004,6,all_nanInput_pos0,"[0, nan]",scipy,scipy_cephes_yve_DRIVER1,yve,nan,,
11,004,6,all_nanInput_pos0,"[0, nan]",gsl,gsl_sf_bessel_Yn_DRIVER,gsl_sf_bessel_Yn,EXCEPTION: underflow ,,
12,004,6,all_negZeroInput_pos0,"[0, -0.0]",mpmath,mpmath_bessely_DRIVER1,bessely,-inf,,
12,004,6,all_negZeroInput_pos0,"[0, -0.0]",scipy,scipy_cephes_yn_DRIVER1,yn,-inf,,
12,004,6,all_negZeroInput_pos0,"[0, -0.0]",scipy,scipy_cephes_yv_DRIVER1,yv,-inf,,
12,004,6,all_negZeroInput_pos0,"[0, -0.0]",scipy,scipy_cephes_yve_DRIVER1,yve,nan,,
12,004,6,all_negZeroInput_pos0,"[0, -0.0]",gsl,gsl_sf_bessel_Yn_DRIVER,gsl_sf_bessel_Yn,EXCEPTION: domain error ,,
13,004,5,gsl_sf_bessel_Yn_DRIVER~input_num003,"[100, 4294967296.0]",mpmath,mpmath_bessely_DRIVER1,bessely,3.657889671577716e-06,,
13,004,5,gsl_sf_bessel_Yn_DRIVER~input_num003,"[100, 4294967296.0]",scipy,scipy_cephes_yn_DRIVER1,yn,3.65788784893948e-06,,
13,004,5,gsl_sf_bessel_Yn_DRIVER~input_num003,"[100, 4294967296.0]",scipy,scipy_cephes_yv_DRIVER1,yv,3.65788784893948e-06,,
13,004,5,gsl_sf_bessel_Yn_DRIVER~input_num003,"[100, 4294967296.0]",scipy,scipy_cephes_yve_DRIVER1,yve,nan,,
13,004,5,gsl_sf_bessel_Yn_DRIVER~input_num003,"[100, 4294967296.0]",gsl,gsl_sf_bessel_Yn_DRIVER,gsl_sf_bessel_Yn,3.657889671577695e-06,,
14,005,6,all_infInput_pos0,"[inf, 2.2738632088209076]",scipy,scipy_special_betaln_DRIVER0,betaln,-inf,,
14,005,6,all_infInput_pos0,"[inf, 2.2738632088209076]",gsl,gsl_sf_lnbeta_DRIVER,gsl_sf_lnbeta,nan,,
15,005,6,all_nanInput_pos0,"[nan, 2.2738632088209076]",scipy,scipy_special_betaln_DRIVER0,betaln,nan,,
15,005,6,all_nanInput_pos0,"[nan, 2.2738632088209076]",gsl,gsl_sf_lnbeta_DRIVER,gsl_sf_lnbeta,EXCEPTION: x too large to extract fraction part ,,
16,005,6,all_negZeroInput_pos0,"[-0.0, 2.2738632088209076]",scipy,scipy_special_betaln_DRIVER0,betaln,inf,,
16,005,6,all_negZeroInput_pos0,"[-0.0, 2.2738632088209076]",gsl,gsl_sf_lnbeta_DRIVER,gsl_sf_lnbeta,EXCEPTION: domain error ,,
17,006,6,all_infInput_pos0,[inf],scipy,scipy_cephes_y1_DRIVER0,y1,nan,,
17,006,6,all_infInput_pos0,[inf],gsl,gsl_sf_bessel_Y1_DRIVER,gsl_sf_bessel_Y1,EXCEPTION: underflow ,,
18,006,6,all_nanInput_pos0,[nan],scipy,scipy_cephes_y1_DRIVER0,y1,nan,,
18,006,6,all_nanInput_pos0,[nan],gsl,gsl_sf_bessel_Y1_DRIVER,gsl_sf_bessel_Y1,EXCEPTION: underflow ,,
19,006,6,all_negZeroInput_pos0,[-0.0],scipy,scipy_cephes_y1_DRIVER0,y1,-inf,,
19,006,6,all_negZeroInput_pos0,[-0.0],gsl,gsl_sf_bessel_Y1_DRIVER,gsl_sf_bessel_Y1,EXCEPTION: domain error ,,
20,007,6,all_infInput_pos0,"[inf, 2.2738632088209076]",mpmath,mpmath_bessely_DRIVER0,bessely,EXCEPTION: ValueError,,
20,007,6,all_infInput_pos0,"[inf, 2.2738632088209076]",scipy,scipy_cephes_yv_DRIVER0,yv,nan,,
20,007,6,all_infInput_pos0,"[inf, 2.2738632088209076]",scipy,scipy_cephes_yve_DRIVER0,yve,nan,,
20,007,6,all_infInput_pos0,"[inf, 2.2738632088209076]",gsl,gsl_sf_bessel_Ynu_DRIVER,gsl_sf_bessel_Ynu,EXCEPTION: overflow ,,
21,007,6,all_nanInput_pos0,"[nan, 2.2738632088209076]",mpmath,mpmath_bessely_DRIVER0,bessely,EXCEPTION: ValueError,,
21,007,6,all_nanInput_pos0,"[nan, 2.2738632088209076]",scipy,scipy_cephes_yv_DRIVER0,yv,nan,,
21,007,6,all_nanInput_pos0,"[nan, 2.2738632088209076]",scipy,scipy_cephes_yve_DRIVER0,yve,nan,,
21,007,6,all_nanInput_pos0,"[nan, 2.2738632088209076]",gsl,gsl_sf_bessel_Ynu_DRIVER,gsl_sf_bessel_Ynu,EXCEPTION: error ,,
22,007,6,all_negZeroInput_pos1,"[2.533265554575144, -0.0]",mpmath,mpmath_bessely_DRIVER0,bessely,-inf,,
22,007,6,all_negZeroInput_pos1,"[2.533265554575144, -0.0]",scipy,scipy_cephes_yv_DRIVER0,yv,-inf,,
22,007,6,all_negZeroInput_pos1,"[2.533265554575144, -0.0]",scipy,scipy_cephes_yve_DRIVER0,yve,nan,,
22,007,6,all_negZeroInput_pos1,"[2.533265554575144, -0.0]",gsl,gsl_sf_bessel_Ynu_DRIVER,gsl_sf_bessel_Ynu,EXCEPTION: domain error ,,
23,008,6,all_negZeroInput_pos0,[-0.0],mpmath,mpmath_digamma_DRIVER0,digamma,EXCEPTION: polygamma pole,,
23,008,6,all_negZeroInput_pos0,[-0.0],scipy,scipy_cephes_psi_DRIVER0,psi,inf,,
23,008,6,all_negZeroInput_pos0,[-0.0],gsl,gsl_sf_psi_DRIVER,gsl_sf_psi,EXCEPTION: domain error ,,
24,009,3,all_infInput_pos0,[inf],mpmath,mpmath_cospi_DRIVER0,cospi,nan,,
24,009,3,all_infInput_pos0,[inf],gsl,gsl_sf_cos_pi_DRIVER,gsl_sf_cos_pi,1.0,,
25,010,3,all_infInput_pos0,[inf],mpmath,mpmath_airyai_DRIVER0,airyai,0.0,,
25,010,3,all_infInput_pos0,[inf],gsl,gsl_sf_airy_Ai_DRIVER,gsl_sf_airy_Ai,EXCEPTION: underflow ,,
26,010,6,all_nanInput_pos0,[nan],mpmath,mpmath_airyai_DRIVER0,airyai,EXCEPTION: essential singularity of Ai(z),,
26,010,6,all_nanInput_pos0,[nan],gsl,gsl_sf_airy_Ai_DRIVER,gsl_sf_airy_Ai,nan,,
27,010,5,mpmath_airyai_DRIVER0~inputs_num001,[1000.0],mpmath,mpmath_airyai_DRIVER0,airyai,0.0,,
27,010,5,mpmath_airyai_DRIVER0~inputs_num001,[1000.0],gsl,gsl_sf_airy_Ai_DRIVER,gsl_sf_airy_Ai,EXCEPTION: underflow ,,
28,011,6,all_infInput_pos0,[inf],scipy,scipy_cephes_y0_DRIVER0,y0,nan,,
28,011,6,all_infInput_pos0,[inf],gsl,gsl_sf_bessel_Y0_DRIVER,gsl_sf_bessel_Y0,EXCEPTION: underflow ,,
29,011,6,all_nanInput_pos0,[nan],scipy,scipy_cephes_y0_DRIVER0,y0,nan,,
29,011,6,all_nanInput_pos0,[nan],gsl,gsl_sf_bessel_Y0_DRIVER,gsl_sf_bessel_Y0,EXCEPTION: underflow ,,
30,011,6,all_negZeroInput_pos0,[-0.0],scipy,scipy_cephes_y0_DRIVER0,y0,-inf,,
30,011,6,all_negZeroInput_pos0,[-0.0],gsl,gsl_sf_bessel_Y0_DRIVER,gsl_sf_bessel_Y0,EXCEPTION: domain error ,,
31,011,4,gsl_sf_bessel_Y0_DRIVER~input_num003,[4294967296.0],scipy,scipy_cephes_y0_DRIVER0,y0,3.657901367379417e-06,{'scipy/gsl': 1.8226382601228515e-12},{'scipy/gsl': 4.982741804604282e-07}
31,011,4,gsl_sf_bessel_Y0_DRIVER~input_num003,[4294967296.0],gsl,gsl_sf_bessel_Y0_DRIVER,gsl_sf_bessel_Y0,3.6579031900176772e-06,{'scipy/gsl': 1.8226382601228515e-12},{'scipy/gsl': 4.982741804604282e-07}
32,012,4,gsl_sf_cos_DRIVER~input_num007,[1099511627776.0],mpmath,mpmath_cos_DRIVER0,cos,-0.914004071991557,{'mpmath/gsl': 5.223368064521949e-06},{'mpmath/gsl': 5.714835578889005e-06}
32,012,4,gsl_sf_cos_DRIVER~input_num007,[1099511627776.0],gsl,gsl_sf_cos_DRIVER,gsl_sf_cos,-0.9139988486234925,{'mpmath/gsl': 5.223368064521949e-06},{'mpmath/gsl': 5.714835578889005e-06}
33,013,6,all_infInput_pos0,"[inf, 2.2738632088209076, 1.261714742492535]",scipy,scipy_special_betainc_DRIVER0,betainc,nan,,
33,013,6,all_infInput_pos0,"[inf, 2.2738632088209076, 1.261714742492535]",scipy,scipy_cephes_btdtr_DRIVER0,btdtr,nan,,
33,013,6,all_infInput_pos0,"[inf, 2.2738632088209076, 1.261714742492535]",gsl,gsl_sf_beta_inc_DRIVER,gsl_sf_beta_inc,EXCEPTION: domain error ,,
34,013,6,all_infInput_pos3,"[0.40309273233720366, 2.542301210811698, 2.291323856929842]",scipy,scipy_special_betainc_DRIVER0,betainc,nan,,
34,013,6,all_infInput_pos3,"[0.40309273233720366, 2.542301210811698, 2.291323856929842]",scipy,scipy_cephes_btdtr_DRIVER0,btdtr,nan,,
34,013,6,all_infInput_pos3,"[0.40309273233720366, 2.542301210811698, 2.291323856929842]",gsl,gsl_sf_beta_inc_DRIVER,gsl_sf_beta_inc,EXCEPTION: domain error ,,
35,013,6,all_nanInput_pos0,"[nan, 2.2738632088209076, 1.261714742492535]",scipy,scipy_special_betainc_DRIVER0,betainc,nan,,
35,013,6,all_nanInput_pos0,"[nan, 2.2738632088209076, 1.261714742492535]",scipy,scipy_cephes_btdtr_DRIVER0,btdtr,nan,,
35,013,6,all_nanInput_pos0,"[nan, 2.2738632088209076, 1.261714742492535]",gsl,gsl_sf_beta_inc_DRIVER,gsl_sf_beta_inc,EXCEPTION: domain error ,,
36,013,6,all_negZeroInput_pos0,"[-0.0, 2.2738632088209076, 1.261714742492535]",scipy,scipy_special_betainc_DRIVER0,betainc,nan,,
36,013,6,all_negZeroInput_pos0,"[-0.0, 2.2738632088209076, 1.261714742492535]",scipy,scipy_cephes_btdtr_DRIVER0,btdtr,nan,,
36,013,6,all_negZeroInput_pos0,"[-0.0, 2.2738632088209076, 1.261714742492535]",gsl,gsl_sf_beta_inc_DRIVER,gsl_sf_beta_inc,EXCEPTION: domain error ,,
37,013,5,gsl_sf_beta_inc_DRIVER~input_num019,"[-0.1, -0.1, 1.0]",scipy,scipy_special_betainc_DRIVER0,betainc,nan,,
37,013,5,gsl_sf_beta_inc_DRIVER~input_num019,"[-0.1, -0.1, 1.0]",scipy,scipy_cephes_btdtr_DRIVER0,btdtr,nan,,
37,013,5,gsl_sf_beta_inc_DRIVER~input_num019,"[-0.1, -0.1, 1.0]",gsl,gsl_sf_beta_inc_DRIVER,gsl_sf_beta_inc,1.0,,
38,013,5,gsl_sf_beta_inc_DRIVER~input_num024,"[-0.1, -0.1, 0.0]",scipy,scipy_special_betainc_DRIVER0,betainc,nan,,
38,013,5,gsl_sf_beta_inc_DRIVER~input_num024,"[-0.1, -0.1, 0.0]",scipy,scipy_cephes_btdtr_DRIVER0,btdtr,nan,,
38,013,5,gsl_sf_beta_inc_DRIVER~input_num024,"[-0.1, -0.1, 0.0]",gsl,gsl_sf_beta_inc_DRIVER,gsl_sf_beta_inc,0.0,,
39,013,5,gsl_sf_beta_inc_DRIVER~input_num029,"[0.5, 101.5, 0.999457]",scipy,scipy_special_betainc_DRIVER0,betainc,0.9999999999999999,,
39,013,5,gsl_sf_beta_inc_DRIVER~input_num029,"[0.5, 101.5, 0.999457]",scipy,scipy_cephes_btdtr_DRIVER0,btdtr,0.9999999999999999,,
39,013,5,gsl_sf_beta_inc_DRIVER~input_num029,"[0.5, 101.5, 0.999457]",gsl,gsl_sf_beta_inc_DRIVER,gsl_sf_beta_inc,EXCEPTION: underflow ,,
40,014,3,all_infInput_pos1,"[2.533265554575144, inf]",scipy,scipy_special_ive_DRIVER0,ive,nan,,
40,014,3,all_infInput_pos1,"[2.533265554575144, inf]",gsl,gsl_sf_bessel_Inu_scaled_DRIVER,gsl_sf_bessel_Inu_scaled,0.0,,
41,014,6,all_nanInput_pos0,"[nan, 2.2738632088209076]",scipy,scipy_special_ive_DRIVER0,ive,nan,,
41,014,6,all_nanInput_pos0,"[nan, 2.2738632088209076]",gsl,gsl_sf_bessel_Inu_scaled_DRIVER,gsl_sf_bessel_Inu_scaled,EXCEPTION: error ,,
42,014,6,all_negInfInput_pos0,"[-inf, 2.2738632088209076]",scipy,scipy_special_ive_DRIVER0,ive,nan,,
42,014,6,all_negInfInput_pos0,"[-inf, 2.2738632088209076]",gsl,gsl_sf_bessel_Inu_scaled_DRIVER,gsl_sf_bessel_Inu_scaled,EXCEPTION: domain error ,,
43,015,3,all_infInput_pos0,[inf],mpmath,mpmath_erfc_DRIVER0,erfc,0.0,,
43,015,3,all_infInput_pos0,[inf],scipy,scipy_cephes_erfc_DRIVER0,erfc,0.0,,
43,015,3,all_infInput_pos0,[inf],gsl,gsl_sf_erfc_DRIVER,gsl_sf_erfc,nan,,
44,016,6,all_negInfInput_pos0,[-inf],mpmath,mpmath_log_DRIVER0,log,"EXCEPTION: float() argument must be a string or a number, not 'mpc'",,
44,016,6,all_negInfInput_pos0,[-inf],mpmath,mpmath_ln_DRIVER0,ln,"EXCEPTION: float() argument must be a string or a number, not 'mpc'",,
44,016,6,all_negInfInput_pos0,[-inf],gsl,gsl_sf_log_DRIVER,gsl_sf_log,EXCEPTION: domain error ,,
44,016,6,all_negInfInput_pos0,[-inf],gsl,gsl_sf_log_abs_DRIVER,gsl_sf_log_abs,inf,,
45,016,6,all_negZeroInput_pos0,[-0.0],mpmath,mpmath_log_DRIVER0,log,-inf,,
45,016,6,all_negZeroInput_pos0,[-0.0],mpmath,mpmath_ln_DRIVER0,ln,-inf,,
45,016,6,all_negZeroInput_pos0,[-0.0],gsl,gsl_sf_log_DRIVER,gsl_sf_log,EXCEPTION: domain error ,,
45,016,6,all_negZeroInput_pos0,[-0.0],gsl,gsl_sf_log_abs_DRIVER,gsl_sf_log_abs,EXCEPTION: domain error ,,
46,016,5,gsl_sf_log_abs_DRIVER~input_num000,[-0.1],mpmath,mpmath_log_DRIVER0,log,"EXCEPTION: float() argument must be a string or a number, not 'mpc'",,
46,016,5,gsl_sf_log_abs_DRIVER~input_num000,[-0.1],mpmath,mpmath_ln_DRIVER0,ln,"EXCEPTION: float() argument must be a string or a number, not 'mpc'",,
46,016,5,gsl_sf_log_abs_DRIVER~input_num000,[-0.1],gsl,gsl_sf_log_DRIVER,gsl_sf_log,EXCEPTION: domain error ,,
46,016,5,gsl_sf_log_abs_DRIVER~input_num000,[-0.1],gsl,gsl_sf_log_abs_DRIVER,gsl_sf_log_abs,-2.3025850929940455,,
47,017,3,all_infInput_pos0,[inf],mpmath,mpmath_sincpi_DRIVER0,sincpi,0.0,,
47,017,3,all_infInput_pos0,[inf],scipy,scipy_special_sinc_DRIVER0,sinc,EXCEPTION: invalid value encountered in sin,,
47,017,3,all_infInput_pos0,[inf],gsl,gsl_sf_sinc_DRIVER,gsl_sf_sinc,nan,,
48,017,4,mpmath_sincpi_DRIVER0~inputs_num001,[2.0],mpmath,mpmath_sincpi_DRIVER0,sincpi,0.0,"{'mpmath/scipy': 3.8981718325193755e-17, 'mpmath/gsl': 3.8981718325193755e-17, 'scipy/gsl': 0.0}","{'mpmath/scipy': 7.796343665038751e-09, 'mpmath/gsl': 7.796343665038751e-09, 'scipy/gsl': 0.0}"
48,017,4,mpmath_sincpi_DRIVER0~inputs_num001,[2.0],scipy,scipy_special_sinc_DRIVER0,sinc,-3.8981718325193755e-17,"{'mpmath/scipy': 3.8981718325193755e-17, 'mpmath/gsl': 3.8981718325193755e-17, 'scipy/gsl': 0.0}","{'mpmath/scipy': 7.796343665038751e-09, 'mpmath/gsl': 7.796343665038751e-09, 'scipy/gsl': 0.0}"
48,017,4,mpmath_sincpi_DRIVER0~inputs_num001,[2.0],gsl,gsl_sf_sinc_DRIVER,gsl_sf_sinc,-3.8981718325193755e-17,"{'mpmath/scipy': 3.8981718325193755e-17, 'mpmath/gsl': 3.8981718325193755e-17, 'scipy/gsl': 0.0}","{'mpmath/scipy': 7.796343665038751e-09, 'mpmath/gsl': 7.796343665038751e-09, 'scipy/gsl': 0.0}"
49,018,3,all_infInput_pos0,[inf],mpmath,mpmath_ci_DRIVER0,ci,0.0,,
49,018,3,all_infInput_pos0,[inf],gsl,gsl_sf_Ci_DRIVER,gsl_sf_Ci,nan,,
50,018,6,all_negZeroInput_pos0,[-0.0],mpmath,mpmath_ci_DRIVER0,ci,-inf,,
50,018,6,all_negZeroInput_pos0,[-0.0],gsl,gsl_sf_Ci_DRIVER,gsl_sf_Ci,EXCEPTION: domain error ,,
51,018,4,gsl_sf_Ci_DRIVER~input_num006,[1099511627776.0],mpmath,mpmath_ci_DRIVER0,ci,-3.6898655847107643e-13,{'mpmath/gsl': 1.0702396136113057e-17},{'mpmath/gsl': 2.1404792272226113e-09}
51,018,4,gsl_sf_Ci_DRIVER~input_num006,[1099511627776.0],gsl,gsl_sf_Ci_DRIVER,gsl_sf_Ci,-3.6899726086721255e-13,{'mpmath/gsl': 1.0702396136113057e-17},{'mpmath/gsl': 2.1404792272226113e-09}
52,020,3,all_infInput_pos0,[inf],mpmath,mpmath_e1_DRIVER0,e1,0.0,,
52,020,3,all_infInput_pos0,[inf],scipy,scipy_cephes_exp1_DRIVER0,exp1,0.0,,
52,020,3,all_infInput_pos0,[inf],gsl,gsl_sf_expint_E1_DRIVER,gsl_sf_expint_E1,EXCEPTION: underflow ,,
53,020,6,all_nanInput_pos0,[nan],mpmath,mpmath_e1_DRIVER0,e1,"EXCEPTION: float() argument must be a string or a number, not 'mpc'",,
53,020,6,all_nanInput_pos0,[nan],scipy,scipy_cephes_exp1_DRIVER0,exp1,nan,,
53,020,6,all_nanInput_pos0,[nan],gsl,gsl_sf_expint_E1_DRIVER,gsl_sf_expint_E1,EXCEPTION: underflow ,,
54,020,6,all_negInfInput_pos0,[-inf],mpmath,mpmath_e1_DRIVER0,e1,"EXCEPTION: float() argument must be a string or a number, not 'mpc'",,
54,020,6,all_negInfInput_pos0,[-inf],scipy,scipy_cephes_exp1_DRIVER0,exp1,nan,,
54,020,6,all_negInfInput_pos0,[-inf],gsl,gsl_sf_expint_E1_DRIVER,gsl_sf_expint_E1,EXCEPTION: overflow ,,
55,020,6,all_negZeroInput_pos0,[-0.0],mpmath,mpmath_e1_DRIVER0,e1,inf,,
55,020,6,all_negZeroInput_pos0,[-0.0],scipy,scipy_cephes_exp1_DRIVER0,exp1,inf,,
55,020,6,all_negZeroInput_pos0,[-0.0],gsl,gsl_sf_expint_E1_DRIVER,gsl_sf_expint_E1,EXCEPTION: domain error ,,
56,020,5,gsl_sf_expint_E1_DRIVER~input_num000,[-1.0],mpmath,mpmath_e1_DRIVER0,e1,"EXCEPTION: float() argument must be a string or a number, not 'mpc'",,
56,020,5,gsl_sf_expint_E1_DRIVER~input_num000,[-1.0],scipy,scipy_cephes_exp1_DRIVER0,exp1,nan,,
56,020,5,gsl_sf_expint_E1_DRIVER~input_num000,[-1.0],gsl,gsl_sf_expint_E1_DRIVER,gsl_sf_expint_E1,-1.8951178163559366,,
57,021,3,all_infInput_pos0,"[0, inf]",scipy,scipy_special_ive_DRIVER1,ive,nan,,
57,021,3,all_infInput_pos0,"[0, inf]",gsl,gsl_sf_bessel_In_scaled_DRIVER,gsl_sf_bessel_In_scaled,0.0,,
58,022,6,all_infInput_pos0,[inf],mpmath,mpmath_fp_loggamma_DRIVER0,loggamma,nan,,
58,022,6,all_infInput_pos0,[inf],scipy,scipy_sc_gammaln_DRIVER0,gammaln,inf,,
58,022,6,all_infInput_pos0,[inf],scipy,scipy_sc_loggamma_DRIVER0,loggamma,inf,,
58,022,6,all_infInput_pos0,[inf],gsl,gsl_sf_lngamma_DRIVER,gsl_sf_lngamma,inf,,
59,022,6,all_nanInput_pos0,[nan],mpmath,mpmath_fp_loggamma_DRIVER0,loggamma,nan,,
59,022,6,all_nanInput_pos0,[nan],scipy,scipy_sc_gammaln_DRIVER0,gammaln,nan,,
59,022,6,all_nanInput_pos0,[nan],scipy,scipy_sc_loggamma_DRIVER0,loggamma,nan,,
59,022,6,all_nanInput_pos0,[nan],gsl,gsl_sf_lngamma_DRIVER,gsl_sf_lngamma,EXCEPTION: error ,,
60,022,6,all_negZeroInput_pos0,[-0.0],mpmath,mpmath_fp_loggamma_DRIVER0,loggamma,EXCEPTION: math domain error,,
60,022,6,all_negZeroInput_pos0,[-0.0],scipy,scipy_sc_gammaln_DRIVER0,gammaln,inf,,
60,022,6,all_negZeroInput_pos0,[-0.0],scipy,scipy_sc_loggamma_DRIVER0,loggamma,inf,,
60,022,6,all_negZeroInput_pos0,[-0.0],gsl,gsl_sf_lngamma_DRIVER,gsl_sf_lngamma,EXCEPTION: domain error ,,
61,022,5,gsl_sf_lngamma_DRIVER~input_num000,[-0.1],mpmath,mpmath_fp_loggamma_DRIVER0,loggamma,EXCEPTION: can't convert complex to float,,
61,022,5,gsl_sf_lngamma_DRIVER~input_num000,[-0.1],scipy,scipy_sc_gammaln_DRIVER0,gammaln,2.368961332728789,,
61,022,5,gsl_sf_lngamma_DRIVER~input_num000,[-0.1],scipy,scipy_sc_loggamma_DRIVER0,loggamma,nan,,
61,022,5,gsl_sf_lngamma_DRIVER~input_num000,[-0.1],gsl,gsl_sf_lngamma_DRIVER,gsl_sf_lngamma,2.3689613327287873,,
62,023,3,all_infInput_pos0,"[0, inf]",mpmath,mpmath_expint_DRIVER1,expint,0.0,,
62,023,3,all_infInput_pos0,"[0, inf]",scipy,scipy_cephes_expn_DRIVER1,expn,0.0,,
62,023,3,all_infInput_pos0,"[0, inf]",gsl,gsl_sf_expint_En_DRIVER,gsl_sf_expint_En,EXCEPTION: underflow ,,
63,023,6,all_nanInput_pos0,"[0, nan]",mpmath,mpmath_expint_DRIVER1,expint,"EXCEPTION: float() argument must be a string or a number, not 'mpc'",,
63,023,6,all_nanInput_pos0,"[0, nan]",scipy,scipy_cephes_expn_DRIVER1,expn,nan,,
63,023,6,all_nanInput_pos0,"[0, nan]",gsl,gsl_sf_expint_En_DRIVER,gsl_sf_expint_En,nan,,
64,023,6,all_negInfInput_pos0,"[0, -inf]",mpmath,mpmath_expint_DRIVER1,expint,"EXCEPTION: float() argument must be a string or a number, not 'mpc'",,
64,023,6,all_negInfInput_pos0,"[0, -inf]",scipy,scipy_cephes_expn_DRIVER1,expn,inf,,
64,023,6,all_negInfInput_pos0,"[0, -inf]",gsl,gsl_sf_expint_En_DRIVER,gsl_sf_expint_En,nan,,
65,023,6,all_negZeroInput_pos0,"[0, -0.0]",mpmath,mpmath_expint_DRIVER1,expint,inf,,
65,023,6,all_negZeroInput_pos0,"[0, -0.0]",scipy,scipy_cephes_expn_DRIVER1,expn,inf,,
65,023,6,all_negZeroInput_pos0,"[0, -0.0]",gsl,gsl_sf_expint_En_DRIVER,gsl_sf_expint_En,EXCEPTION: domain error ,,
66,023,5,gsl_sf_expint_En_DRIVER~input_num000,"[1, -1.0]",mpmath,mpmath_expint_DRIVER1,expint,"EXCEPTION: float() argument must be a string or a number, not 'mpc'",,
66,023,5,gsl_sf_expint_En_DRIVER~input_num000,"[1, -1.0]",scipy,scipy_cephes_expn_DRIVER1,expn,inf,,
66,023,5,gsl_sf_expint_En_DRIVER~input_num000,"[1, -1.0]",gsl,gsl_sf_expint_En_DRIVER,gsl_sf_expint_En,-1.8951178163559366,,
67,023,5,mpmath_expint_DRIVER1~inputs_num011,"[1000000, 1000000.0]",mpmath,mpmath_expint_DRIVER1,expint,EXCEPTION: Hypergeometric series converges too slowly. Try increasing maxterms.,,
67,023,5,mpmath_expint_DRIVER1~inputs_num011,"[1000000, 1000000.0]",scipy,scipy_cephes_expn_DRIVER1,expn,0.0,,
67,023,5,mpmath_expint_DRIVER1~inputs_num011,"[1000000, 1000000.0]",gsl,gsl_sf_expint_En_DRIVER,gsl_sf_expint_En,EXCEPTION: underflow ,,
68,024,6,all_infInput_pos0,"[inf, 2.2738632088209076]",mpmath,mpmath_besselj_DRIVER0,besselj,EXCEPTION: ValueError,,
68,024,6,all_infInput_pos0,"[inf, 2.2738632088209076]",scipy,scipy_special_jn_DRIVER0,jn,nan,,
68,024,6,all_infInput_pos0,"[inf, 2.2738632088209076]",scipy,scipy_special_jve_DRIVER0,jve,nan,,
68,024,6,all_infInput_pos0,"[inf, 2.2738632088209076]",scipy,scipy_cephes_jv_DRIVER0,jv,nan,,
68,024,6,all_infInput_pos0,"[inf, 2.2738632088209076]",gsl,gsl_sf_bessel_Jnu_DRIVER,gsl_sf_bessel_Jnu,nan,,
69,024,6,all_nanInput_pos0,"[nan, 2.2738632088209076]",mpmath,mpmath_besselj_DRIVER0,besselj,EXCEPTION: ValueError,,
69,024,6,all_nanInput_pos0,"[nan, 2.2738632088209076]",scipy,scipy_special_jn_DRIVER0,jn,nan,,
69,024,6,all_nanInput_pos0,"[nan, 2.2738632088209076]",scipy,scipy_special_jve_DRIVER0,jve,nan,,
69,024,6,all_nanInput_pos0,"[nan, 2.2738632088209076]",scipy,scipy_cephes_jv_DRIVER0,jv,nan,,
69,024,6,all_nanInput_pos0,"[nan, 2.2738632088209076]",gsl,gsl_sf_bessel_Jnu_DRIVER,gsl_sf_bessel_Jnu,EXCEPTION: error ,,
70,024,5,all_negZeroInput_pos1,"[2.533265554575144, -0.0]",mpmath,mpmath_besselj_DRIVER0,besselj,0.0,,
70,024,5,all_negZeroInput_pos1,"[2.533265554575144, -0.0]",scipy,scipy_special_jn_DRIVER0,jn,0.0,,
70,024,5,all_negZeroInput_pos1,"[2.533265554575144, -0.0]",scipy,scipy_special_jve_DRIVER0,jve,0.0,,
70,024,5,all_negZeroInput_pos1,"[2.533265554575144, -0.0]",scipy,scipy_cephes_jv_DRIVER0,jv,0.0,,
70,024,5,all_negZeroInput_pos1,"[2.533265554575144, -0.0]",gsl,gsl_sf_bessel_Jnu_DRIVER,gsl_sf_bessel_Jnu,EXCEPTION: domain error ,,
71,025,3,all_infInput_pos0,"[inf, 2.2738632088209076]",scipy,scipy_special_gammaincc_DRIVER0,gammaincc,nan,,
71,025,3,all_infInput_pos0,"[inf, 2.2738632088209076]",gsl,gsl_sf_gamma_inc_Q_DRIVER,gsl_sf_gamma_inc_Q,1.0,,
72,025,6,all_negInfInput_pos0,"[-inf, 2.2738632088209076]",scipy,scipy_special_gammaincc_DRIVER0,gammaincc,nan,,
72,025,6,all_negInfInput_pos0,"[-inf, 2.2738632088209076]",gsl,gsl_sf_gamma_inc_Q_DRIVER,gsl_sf_gamma_inc_Q,EXCEPTION: domain error ,,
73,025,5,all_negZeroInput_pos0,"[-0.0, 2.2738632088209076]",scipy,scipy_special_gammaincc_DRIVER0,gammaincc,nan,,
73,025,5,all_negZeroInput_pos0,"[-0.0, 2.2738632088209076]",gsl,gsl_sf_gamma_inc_Q_DRIVER,gsl_sf_gamma_inc_Q,0.0,,
74,026,3,all_infInput_pos0,"[0, inf]",scipy,scipy_spherical_jn_DRIVER1,spherical_jn,0.0,,
74,026,3,all_infInput_pos0,"[0, inf]",gsl,gsl_sf_bessel_jl_DRIVER,gsl_sf_bessel_jl,nan,,
75,026,4,gsl_sf_bessel_jl_DRIVER~input_num013,"[364, 36.62]",scipy,scipy_spherical_jn_DRIVER1,spherical_jn,0.0,{'scipy/gsl': 1.118906e-318},{'scipy/gsl': 2.23781105496043e-310}
75,026,4,gsl_sf_bessel_jl_DRIVER~input_num013,"[364, 36.62]",gsl,gsl_sf_bessel_jl_DRIVER,gsl_sf_bessel_jl,1.118906e-318,{'scipy/gsl': 1.118906e-318},{'scipy/gsl': 2.23781105496043e-310}
76,026,5,gsl_sf_bessel_jl_DRIVER~input_num014,"[149, 1.0]",scipy,scipy_spherical_jn_DRIVER1,spherical_jn,0.0,,
76,026,5,gsl_sf_bessel_jl_DRIVER~input_num014,"[149, 1.0]",gsl,gsl_sf_bessel_jl_DRIVER,gsl_sf_bessel_jl,EXCEPTION: underflow ,,
77,027,6,all_infInput_pos0,"[0, inf]",mpmath,mpmath_besselj_DRIVER1,besselj,EXCEPTION: unsupported operand type(s) for //: 'mpf' and 'int',,
77,027,6,all_infInput_pos0,"[0, inf]",scipy,scipy_special_jn_DRIVER1,jn,nan,,
77,027,6,all_infInput_pos0,"[0, inf]",scipy,scipy_special_jve_DRIVER1,jve,nan,,
77,027,6,all_infInput_pos0,"[0, inf]",scipy,scipy_cephes_jv_DRIVER1,jv,nan,,
77,027,6,all_infInput_pos0,"[0, inf]",gsl,gsl_sf_bessel_Jn_DRIVER,gsl_sf_bessel_Jn,nan,,
78,027,6,all_nanInput_pos0,"[0, nan]",mpmath,mpmath_besselj_DRIVER1,besselj,EXCEPTION: cannot convert inf or nan to int,,
78,027,6,all_nanInput_pos0,"[0, nan]",scipy,scipy_special_jn_DRIVER1,jn,nan,,
78,027,6,all_nanInput_pos0,"[0, nan]",scipy,scipy_special_jve_DRIVER1,jve,nan,,
78,027,6,all_nanInput_pos0,"[0, nan]",scipy,scipy_cephes_jv_DRIVER1,jv,nan,,
78,027,6,all_nanInput_pos0,"[0, nan]",gsl,gsl_sf_bessel_Jn_DRIVER,gsl_sf_bessel_Jn,nan,,
79,027,5,gsl_sf_bessel_Jn_DRIVER~input_num006,"[0, 10000000000.0]",mpmath,mpmath_besselj_DRIVER1,besselj,2.175591750246892e-06,,
79,027,5,gsl_sf_bessel_Jn_DRIVER~input_num006,"[0, 10000000000.0]",scipy,scipy_special_jn_DRIVER1,jn,2.1755892946936445e-06,,
79,027,5,gsl_sf_bessel_Jn_DRIVER~input_num006,"[0, 10000000000.0]",scipy,scipy_special_jve_DRIVER1,jve,nan,,
79,027,5,gsl_sf_bessel_Jn_DRIVER~input_num006,"[0, 10000000000.0]",scipy,scipy_cephes_jv_DRIVER1,jv,2.1755892946936445e-06,,
79,027,5,gsl_sf_bessel_Jn_DRIVER~input_num006,"[0, 10000000000.0]",gsl,gsl_sf_bessel_Jn_DRIVER,gsl_sf_bessel_Jn,2.175591750246892e-06,,
80,027,5,gsl_sf_bessel_Jn_DRIVER~input_num007,"[1, 10000000000.0]",mpmath,mpmath_besselj_DRIVER1,besselj,-7.676508175684158e-06,,
80,027,5,gsl_sf_bessel_Jn_DRIVER~input_num007,"[1, 10000000000.0]",scipy,scipy_special_jn_DRIVER1,jn,-7.676506113846571e-06,,
80,027,5,gsl_sf_bessel_Jn_DRIVER~input_num007,"[1, 10000000000.0]",scipy,scipy_special_jve_DRIVER1,jve,nan,,
80,027,5,gsl_sf_bessel_Jn_DRIVER~input_num007,"[1, 10000000000.0]",scipy,scipy_cephes_jv_DRIVER1,jv,-7.676506113846571e-06,,
80,027,5,gsl_sf_bessel_Jn_DRIVER~input_num007,"[1, 10000000000.0]",gsl,gsl_sf_bessel_Jn_DRIVER,gsl_sf_bessel_Jn,-7.67650817568416e-06,,
81,028,3,all_infInput_pos0,[inf],scipy,scipy_cephes_dawsn_DRIVER0,dawsn,0.0,,
81,028,3,all_infInput_pos0,[inf],gsl,gsl_sf_dawson_DRIVER,gsl_sf_dawson,EXCEPTION: underflow ,,
82,028,6,all_nanInput_pos0,[nan],scipy,scipy_cephes_dawsn_DRIVER0,dawsn,nan,,
82,028,6,all_nanInput_pos0,[nan],gsl,gsl_sf_dawson_DRIVER,gsl_sf_dawson,EXCEPTION: underflow ,,
83,029,6,all_infInput_pos0,"[inf, 2.2738632088209076]",mpmath,mpmath_struveh_DRIVER0,struveh,EXCEPTION: ValueError,,
83,029,6,all_infInput_pos0,"[inf, 2.2738632088209076]",scipy,scipy_cephes_struve_DRIVER0,struve,nan,,
84,029,6,all_nanInput_pos0,"[nan, 2.2738632088209076]",mpmath,mpmath_struveh_DRIVER0,struveh,EXCEPTION: ValueError,,
84,029,6,all_nanInput_pos0,"[nan, 2.2738632088209076]",scipy,scipy_cephes_struve_DRIVER0,struve,nan,,
85,030,6,all_negInfInput_pos0,[-inf],scipy,scipy_cephes_k0_DRIVER0,k0,nan,,
85,030,6,all_negInfInput_pos0,[-inf],gsl,gsl_sf_bessel_K0_DRIVER,gsl_sf_bessel_K0,EXCEPTION: domain error ,,
86,030,6,all_negZeroInput_pos0,[-0.0],scipy,scipy_cephes_k0_DRIVER0,k0,inf,,
86,030,6,all_negZeroInput_pos0,[-0.0],gsl,gsl_sf_bessel_K0_DRIVER,gsl_sf_bessel_K0,EXCEPTION: domain error ,,
87,031,6,all_infInput_pos0,[inf],mpmath,mpmath_erfinv_DRIVER0,erfinv,EXCEPTION: erfinv(x) is defined only for -1 <= x <= 1,,
87,031,6,all_infInput_pos0,[inf],scipy,scipy_special_erfinv_DRIVER0,erfinv,inf,,
88,031,6,all_infInput_pos1,[2.533265554575144],mpmath,mpmath_erfinv_DRIVER0,erfinv,EXCEPTION: erfinv(x) is defined only for -1 <= x <= 1,,
88,031,6,all_infInput_pos1,[2.533265554575144],scipy,scipy_special_erfinv_DRIVER0,erfinv,inf,,
89,031,6,all_nanInput_pos0,[nan],mpmath,mpmath_erfinv_DRIVER0,erfinv,EXCEPTION: erfinv(x) is defined only for -1 <= x <= 1,,
89,031,6,all_nanInput_pos0,[nan],scipy,scipy_special_erfinv_DRIVER0,erfinv,nan,,
90,032,6,all_infInput_pos0,[inf],mpmath,mpmath_j1_DRIVER0,j1,EXCEPTION: unsupported operand type(s) for //: 'mpf' and 'int',,
90,032,6,all_infInput_pos0,[inf],scipy,scipy_special_j1_DRIVER0,j1,nan,,
90,032,6,all_infInput_pos0,[inf],gsl,gsl_sf_bessel_J1_DRIVER,gsl_sf_bessel_J1,nan,,
91,032,6,all_nanInput_pos0,[nan],mpmath,mpmath_j1_DRIVER0,j1,EXCEPTION: cannot convert inf or nan to int,,
91,032,6,all_nanInput_pos0,[nan],scipy,scipy_special_j1_DRIVER0,j1,nan,,
91,032,6,all_nanInput_pos0,[nan],gsl,gsl_sf_bessel_J1_DRIVER,gsl_sf_bessel_J1,nan,,
92,032,4,gsl_sf_bessel_J1_DRIVER~input_num003,[10000000000.0],mpmath,mpmath_j1_DRIVER0,j1,-7.676508175684158e-06,"{'mpmath/scipy': 2.0618375865829154e-12, 'mpmath/gsl': 1.6940658945086007e-21, 'scipy/gsl': 2.0618375882769813e-12}","{'mpmath/scipy': 2.6859059044697036e-07, 'mpmath/gsl': 2.2068183290348925e-16, 'scipy/gsl': 2.6859059066765214e-07}"
92,032,4,gsl_sf_bessel_J1_DRIVER~input_num003,[10000000000.0],scipy,scipy_special_j1_DRIVER0,j1,-7.676506113846571e-06,"{'mpmath/scipy': 2.0618375865829154e-12, 'mpmath/gsl': 1.6940658945086007e-21, 'scipy/gsl': 2.0618375882769813e-12}","{'mpmath/scipy': 2.6859059044697036e-07, 'mpmath/gsl': 2.2068183290348925e-16, 'scipy/gsl': 2.6859059066765214e-07}"
92,032,4,gsl_sf_bessel_J1_DRIVER~input_num003,[10000000000.0],gsl,gsl_sf_bessel_J1_DRIVER,gsl_sf_bessel_J1,-7.67650817568416e-06,"{'mpmath/scipy': 2.0618375865829154e-12, 'mpmath/gsl': 1.6940658945086007e-21, 'scipy/gsl': 2.0618375882769813e-12}","{'mpmath/scipy': 2.6859059044697036e-07, 'mpmath/gsl': 2.2068183290348925e-16, 'scipy/gsl': 2.6859059066765214e-07}"
93,033,3,all_infInput_pos1,"[2.533265554575144, inf]",mpmath,mpmath_gammainc_alt_DRIVER0,gammainc,0.0,,
93,033,3,all_infInput_pos1,"[2.533265554575144, inf]",gsl,gsl_sf_gamma_inc_DRIVER,gsl_sf_gamma_inc,nan,,
94,034,6,all_infInput_pos0,"[inf, 2.2738632088209076]",scipy,scipy_sc_zeta_DRIVER0,zeta,nan,,
94,034,6,all_infInput_pos0,"[inf, 2.2738632088209076]",gsl,gsl_sf_hzeta_DRIVER,gsl_sf_hzeta,EXCEPTION: underflow ,,
95,034,3,all_infInput_pos1,"[2.533265554575144, inf]",scipy,scipy_sc_zeta_DRIVER0,zeta,0.0,,
95,034,3,all_infInput_pos1,"[2.533265554575144, inf]",gsl,gsl_sf_hzeta_DRIVER,gsl_sf_hzeta,EXCEPTION: underflow ,,
96,034,6,all_infInput_pos3,"[0.40309273233720366, 2.542301210811698]",scipy,scipy_sc_zeta_DRIVER0,zeta,nan,,
96,034,6,all_infInput_pos3,"[0.40309273233720366, 2.542301210811698]",gsl,gsl_sf_hzeta_DRIVER,gsl_sf_hzeta,EXCEPTION: domain error ,,
97,034,6,all_negZeroInput_pos0,"[-0.0, 2.2738632088209076]",scipy,scipy_sc_zeta_DRIVER0,zeta,nan,,
97,034,6,all_negZeroInput_pos0,"[-0.0, 2.2738632088209076]",gsl,gsl_sf_hzeta_DRIVER,gsl_sf_hzeta,EXCEPTION: domain error ,,
98,036,3,all_infInput_pos0,[inf],mpmath,mpmath_sinpi_DRIVER0,sinpi,nan,,
98,036,3,all_infInput_pos0,[inf],gsl,gsl_sf_sin_pi_DRIVER,gsl_sf_sin_pi,0.0,,
99,037,6,all_infInput_pos0,[inf],mpmath,mpmath_j0_DRIVER0,j0,EXCEPTION: unsupported operand type(s) for //: 'mpf' and 'int',,
99,037,6,all_infInput_pos0,[inf],scipy,scipy_special_j0_DRIVER0,j0,nan,,
99,037,6,all_infInput_pos0,[inf],gsl,gsl_sf_bessel_J0_DRIVER,gsl_sf_bessel_J0,nan,,
100,037,6,all_nanInput_pos0,[nan],mpmath,mpmath_j0_DRIVER0,j0,EXCEPTION: cannot convert inf or nan to int,,
100,037,6,all_nanInput_pos0,[nan],scipy,scipy_special_j0_DRIVER0,j0,nan,,
100,037,6,all_nanInput_pos0,[nan],gsl,gsl_sf_bessel_J0_DRIVER,gsl_sf_bessel_J0,nan,,
101,037,4,gsl_sf_bessel_J0_DRIVER~input_num003,[10000000000.0],mpmath,mpmath_j0_DRIVER0,j0,2.175591750246892e-06,"{'mpmath/scipy': 2.455553247310326e-12, 'mpmath/gsl': 0.0, 'scipy/gsl': 2.455553247310326e-12}","{'mpmath/scipy': 1.1286835560039924e-06, 'mpmath/gsl': 0.0, 'scipy/gsl': 1.1286835560039924e-06}"
101,037,4,gsl_sf_bessel_J0_DRIVER~input_num003,[10000000000.0],scipy,scipy_special_j0_DRIVER0,j0,2.1755892946936445e-06,"{'mpmath/scipy': 2.455553247310326e-12, 'mpmath/gsl': 0.0, 'scipy/gsl': 2.455553247310326e-12}","{'mpmath/scipy': 1.1286835560039924e-06, 'mpmath/gsl': 0.0, 'scipy/gsl': 1.1286835560039924e-06}"
101,037,4,gsl_sf_bessel_J0_DRIVER~input_num003,[10000000000.0],gsl,gsl_sf_bessel_J0_DRIVER,gsl_sf_bessel_J0,2.175591750246892e-06,"{'mpmath/scipy': 2.455553247310326e-12, 'mpmath/gsl': 0.0, 'scipy/gsl': 2.455553247310326e-12}","{'mpmath/scipy': 1.1286835560039924e-06, 'mpmath/gsl': 0.0, 'scipy/gsl': 1.1286835560039924e-06}"
102,038,6,all_infInput_pos0,"[inf, 2.2738632088209076]",mpmath,mpmath_besselk_DRIVER0,besselk,EXCEPTION: ValueError,,
102,038,6,all_infInput_pos0,"[inf, 2.2738632088209076]",scipy,scipy_cephes_kv_DRIVER0,kv,nan,,
102,038,6,all_infInput_pos0,"[inf, 2.2738632088209076]",gsl,gsl_sf_bessel_Knu_DRIVER,gsl_sf_bessel_Knu,nan,,
103,038,3,all_infInput_pos1,"[2.533265554575144, inf]",mpmath,mpmath_besselk_DRIVER0,besselk,EXCEPTION: cannot convert inf or nan to int,,
103,038,3,all_infInput_pos1,"[2.533265554575144, inf]",scipy,scipy_cephes_kv_DRIVER0,kv,0.0,,
103,038,3,all_infInput_pos1,"[2.533265554575144, inf]",gsl,gsl_sf_bessel_Knu_DRIVER,gsl_sf_bessel_Knu,nan,,
104,038,6,all_nanInput_pos0,"[nan, 2.2738632088209076]",mpmath,mpmath_besselk_DRIVER0,besselk,EXCEPTION: ValueError,,
104,038,6,all_nanInput_pos0,"[nan, 2.2738632088209076]",scipy,scipy_cephes_kv_DRIVER0,kv,nan,,
104,038,6,all_nanInput_pos0,"[nan, 2.2738632088209076]",gsl,gsl_sf_bessel_Knu_DRIVER,gsl_sf_bessel_Knu,nan,,
105,038,6,all_negZeroInput_pos1,"[2.533265554575144, -0.0]",mpmath,mpmath_besselk_DRIVER0,besselk,inf,,
105,038,6,all_negZeroInput_pos1,"[2.533265554575144, -0.0]",scipy,scipy_cephes_kv_DRIVER0,kv,inf,,
105,038,6,all_negZeroInput_pos1,"[2.533265554575144, -0.0]",gsl,gsl_sf_bessel_Knu_DRIVER,gsl_sf_bessel_Knu,EXCEPTION: domain error ,,
106,039,6,all_infInput_pos0,[inf],mpmath,mpmath_ellipe_DRIVER0,ellipe,"EXCEPTION: float() argument must be a string or a number, not 'mpc'",,
106,039,6,all_infInput_pos0,[inf],scipy,scipy_special_ellipe_DRIVER0,ellipe,nan,,
107,039,6,all_infInput_pos1,[2.533265554575144],mpmath,mpmath_ellipe_DRIVER0,ellipe,"EXCEPTION: float() argument must be a string or a number, not 'mpc'",,
107,039,6,all_infInput_pos1,[2.533265554575144],scipy,scipy_special_ellipe_DRIVER0,ellipe,nan,,
108,040,3,all_infInput_pos0,[inf],mpmath,mpmath_sinc_DRIVER0,sinc,0.0,,
108,040,3,all_infInput_pos0,[inf],gsl,gsl_sf_bessel_j0_DRIVER,gsl_sf_bessel_j0,nan,,
109,041,3,all_infInput_pos0,"[inf, 2.2738632088209076]",scipy,scipy_special_gammainc_DRIVER0,gammainc,nan,,
109,041,3,all_infInput_pos0,"[inf, 2.2738632088209076]",gsl,gsl_sf_gamma_inc_P_DRIVER,gsl_sf_gamma_inc_P,0.0,,
110,041,6,all_negInfInput_pos0,"[-inf, 2.2738632088209076]",scipy,scipy_special_gammainc_DRIVER0,gammainc,nan,,
110,041,6,all_negInfInput_pos0,"[-inf, 2.2738632088209076]",gsl,gsl_sf_gamma_inc_P_DRIVER,gsl_sf_gamma_inc_P,EXCEPTION: domain error ,,
111,041,6,all_negZeroInput_pos0,"[-0.0, 2.2738632088209076]",scipy,scipy_special_gammainc_DRIVER0,gammainc,nan,,
111,041,6,all_negZeroInput_pos0,"[-0.0, 2.2738632088209076]",gsl,gsl_sf_gamma_inc_P_DRIVER,gsl_sf_gamma_inc_P,EXCEPTION: domain error ,,
112,042,4,gsl_sf_sin_DRIVER~input_num008,[1099511627776.0],mpmath,mpmath_sin_DRIVER0,sin,-0.40570501153282873,{'mpmath/gsl': 1.176740899672124e-05},{'mpmath/gsl': 2.9004419489000182e-05}
112,042,4,gsl_sf_sin_DRIVER~input_num008,[1099511627776.0],gsl,gsl_sf_sin_DRIVER,gsl_sf_sin,-0.40571677894182545,{'mpmath/gsl': 1.176740899672124e-05},{'mpmath/gsl': 2.9004419489000182e-05}
113,043,6,all_negInfInput_pos0,[-inf],scipy,scipy_cephes_k1_DRIVER0,k1,nan,,
113,043,6,all_negInfInput_pos0,[-inf],gsl,gsl_sf_bessel_K1_DRIVER,gsl_sf_bessel_K1,EXCEPTION: domain error ,,
114,043,6,all_negZeroInput_pos0,[-0.0],scipy,scipy_cephes_k1_DRIVER0,k1,inf,,
114,043,6,all_negZeroInput_pos0,[-0.0],gsl,gsl_sf_bessel_K1_DRIVER,gsl_sf_bessel_K1,EXCEPTION: domain error ,,
115,044,6,all_infInput_pos0,[inf],mpmath,mpmath_lambertw_DRIVER0,lambertw,inf,,
115,044,6,all_infInput_pos0,[inf],gsl,gsl_sf_lambert_W0_DRIVER,gsl_sf_lambert_W0,EXCEPTION: ,,
115,044,6,all_infInput_pos0,[inf],gsl,gsl_sf_lambert_Wm1_DRIVER,gsl_sf_lambert_Wm1,EXCEPTION: ,,
116,044,6,all_nanInput_pos0,[nan],mpmath,mpmath_lambertw_DRIVER0,lambertw,nan,,
116,044,6,all_nanInput_pos0,[nan],gsl,gsl_sf_lambert_W0_DRIVER,gsl_sf_lambert_W0,EXCEPTION: ,,
116,044,6,all_nanInput_pos0,[nan],gsl,gsl_sf_lambert_Wm1_DRIVER,gsl_sf_lambert_Wm1,EXCEPTION: ,,
117,045,3,all_infInput_pos0,"[0, 1, inf]",mpmath,mpmath_hyperu_DRIVER2,hyperu,nan,,
117,045,3,all_infInput_pos0,"[0, 1, inf]",scipy,scipy_special_hyperu_DRIVER2,hyperu,1.0,,
117,045,3,all_infInput_pos0,"[0, 1, inf]",gsl,gsl_sf_hyperg_U_int_DRIVER,gsl_sf_hyperg_U_int,1.0,,
118,045,2,all_nanInput_pos0,"[0, 1, nan]",mpmath,mpmath_hyperu_DRIVER2,hyperu,nan,,
118,045,2,all_nanInput_pos0,"[0, 1, nan]",scipy,scipy_special_hyperu_DRIVER2,hyperu,1.0,,
118,045,2,all_nanInput_pos0,"[0, 1, nan]",gsl,gsl_sf_hyperg_U_int_DRIVER,gsl_sf_hyperg_U_int,1.0,,
119,045,5,all_negZeroInput_pos0,"[0, 1, -0.0]",mpmath,mpmath_hyperu_DRIVER2,hyperu,1.0,,
119,045,5,all_negZeroInput_pos0,"[0, 1, -0.0]",scipy,scipy_special_hyperu_DRIVER2,hyperu,1.0,,
119,045,5,all_negZeroInput_pos0,"[0, 1, -0.0]",gsl,gsl_sf_hyperg_U_int_DRIVER,gsl_sf_hyperg_U_int,EXCEPTION: domain error ,,
120,045,4,gsl_sf_hyperg_U_int_DRIVER~input_num028,"[1, -10, 10.0]",mpmath,mpmath_hyperu_DRIVER2,hyperu,0.046561999488731874,"{'mpmath/scipy': 1.6720051801422109e-09, 'mpmath/gsl': 1.3183898417423734e-16, 'scipy/gsl': 1.6720050483032267e-09}","{'mpmath/scipy': 3.5909221435532174e-08, 'mpmath/gsl': 2.831471707011692e-15, 'scipy/gsl': 3.5909218604060465e-08}"
120,045,4,gsl_sf_hyperg_U_int_DRIVER~input_num028,"[1, -10, 10.0]",scipy,scipy_special_hyperu_DRIVER2,hyperu,0.046562001160737054,"{'mpmath/scipy': 1.6720051801422109e-09, 'mpmath/gsl': 1.3183898417423734e-16, 'scipy/gsl': 1.6720050483032267e-09}","{'mpmath/scipy': 3.5909221435532174e-08, 'mpmath/gsl': 2.831471707011692e-15, 'scipy/gsl': 3.5909218604060465e-08}"
120,045,4,gsl_sf_hyperg_U_int_DRIVER~input_num028,"[1, -10, 10.0]",gsl,gsl_sf_hyperg_U_int_DRIVER,gsl_sf_hyperg_U_int,0.046561999488732006,"{'mpmath/scipy': 1.6720051801422109e-09, 'mpmath/gsl': 1.3183898417423734e-16, 'scipy/gsl': 1.6720050483032267e-09}","{'mpmath/scipy': 3.5909221435532174e-08, 'mpmath/gsl': 2.831471707011692e-15, 'scipy/gsl': 3.5909218604060465e-08}"
121,045,5,gsl_sf_hyperg_U_int_DRIVER~input_num031,"[1, -100, 1.0]",mpmath,mpmath_hyperu_DRIVER2,hyperu,0.009802970197050405,,
121,045,5,gsl_sf_hyperg_U_int_DRIVER~input_num031,"[1, -100, 1.0]",scipy,scipy_special_hyperu_DRIVER2,hyperu,nan,,
121,045,5,gsl_sf_hyperg_U_int_DRIVER~input_num031,"[1, -100, 1.0]",gsl,gsl_sf_hyperg_U_int_DRIVER,gsl_sf_hyperg_U_int,0.009802970197050403,,
122,045,5,gsl_sf_hyperg_U_int_DRIVER~input_num045,"[100, 100, 0.01]",mpmath,mpmath_hyperu_DRIVER2,hyperu,1.0099979491941894e+196,,
122,045,5,gsl_sf_hyperg_U_int_DRIVER~input_num045,"[100, 100, 0.01]",scipy,scipy_special_hyperu_DRIVER2,hyperu,nan,,
122,045,5,gsl_sf_hyperg_U_int_DRIVER~input_num045,"[100, 100, 0.01]",gsl,gsl_sf_hyperg_U_int_DRIVER,gsl_sf_hyperg_U_int,1.0099979491941197e+196,,
123,047,6,all_infInput_pos0,[inf],mpmath,mpmath_floor_DRIVER0,floor,inf,,
123,047,6,all_infInput_pos0,[inf],mpmath,mpmath_bitcount_DRIVER0,bitcount,EXCEPTION: cannot convert float infinity to integer,,
123,047,6,all_infInput_pos0,[inf],scipy,scipy_int_DRIVER0,int,EXCEPTION: cannot convert float infinity to integer,,
124,047,6,all_nanInput_pos0,[nan],mpmath,mpmath_floor_DRIVER0,floor,nan,,
124,047,6,all_nanInput_pos0,[nan],mpmath,mpmath_bitcount_DRIVER0,bitcount,EXCEPTION: cannot convert float NaN to integer,,
124,047,6,all_nanInput_pos0,[nan],scipy,scipy_int_DRIVER0,int,EXCEPTION: cannot convert float NaN to integer,,
125,047,3,all_negInfInput_pos0,[-inf],mpmath,mpmath_floor_DRIVER0,floor,-inf,,
125,047,3,all_negInfInput_pos0,[-inf],mpmath,mpmath_bitcount_DRIVER0,bitcount,0.0,,
125,047,3,all_negInfInput_pos0,[-inf],scipy,scipy_int_DRIVER0,int,EXCEPTION: cannot convert float infinity to integer,,
126,047,4,mpmath_bitcount_DRIVER0~inputs_num002,[7.0],mpmath,mpmath_floor_DRIVER0,floor,7.0,"{'mpmath/mpmath': 4.0, 'mpmath/scipy': 4.0}","{'mpmath/mpmath': 0.8, 'mpmath/scipy': 0.8}"
126,047,4,mpmath_bitcount_DRIVER0~inputs_num002,[7.0],mpmath,mpmath_bitcount_DRIVER0,bitcount,3.0,"{'mpmath/mpmath': 4.0, 'mpmath/scipy': 4.0}","{'mpmath/mpmath': 0.8, 'mpmath/scipy': 0.8}"
126,047,4,mpmath_bitcount_DRIVER0~inputs_num002,[7.0],scipy,scipy_int_DRIVER0,int,7.0,"{'mpmath/mpmath': 4.0, 'mpmath/scipy': 4.0}","{'mpmath/mpmath': 0.8, 'mpmath/scipy': 0.8}"
127,047,5,mpmath_floor_DRIVER0~inputs_num005,[1e+100],mpmath,mpmath_floor_DRIVER0,floor,1e+100,,
127,047,5,mpmath_floor_DRIVER0~inputs_num005,[1e+100],mpmath,mpmath_bitcount_DRIVER0,bitcount,EXCEPTION: unsupported operand type(s) for >>: 'float' and 'int',,
127,047,5,mpmath_floor_DRIVER0~inputs_num005,[1e+100],scipy,scipy_int_DRIVER0,int,1e+100,,
128,048,3,all_infInput_pos0,[inf],mpmath,mpmath_rgamma_DRIVER0,rgamma,0.0,,
128,048,3,all_infInput_pos0,[inf],scipy,scipy_special_rgamma_DRIVER0,rgamma,0.0,,
128,048,3,all_infInput_pos0,[inf],gsl,gsl_sf_gammainv_DRIVER,gsl_sf_gammainv,EXCEPTION: overflow underflow ,,
129,048,6,all_nanInput_pos0,[nan],mpmath,mpmath_rgamma_DRIVER0,rgamma,nan,,
129,048,6,all_nanInput_pos0,[nan],scipy,scipy_special_rgamma_DRIVER0,rgamma,nan,,
129,048,6,all_nanInput_pos0,[nan],gsl,gsl_sf_gammainv_DRIVER,gsl_sf_gammainv,EXCEPTION: overflow underflow ,,
130,049,3,all_infInput_pos0,[inf],mpmath,mpmath_erf_DRIVER0,erf,1.0,,
130,049,3,all_infInput_pos0,[inf],scipy,scipy_special_erf_DRIVER0,erf,1.0,,
130,049,3,all_infInput_pos0,[inf],gsl,gsl_sf_erf_DRIVER,gsl_sf_erf,nan,,
131,050,6,all_negInfInput_pos0,[-inf],mpmath,mpmath_log1p_DRIVER0,log1p,"EXCEPTION: float() argument must be a string or a number, not 'mpc'",,
131,050,6,all_negInfInput_pos0,[-inf],scipy,scipy_log1p_DRIVER0,log1p,nan,,
131,050,6,all_negInfInput_pos0,[-inf],gsl,gsl_sf_log_1plusx_DRIVER,gsl_sf_log_1plusx,EXCEPTION: domain error ,,
132,052,3,all_infInput_pos0,"[inf, 2.2738632088209076]",mpmath,mpmath_elliprc_DRIVER0,elliprc,0.0,,
132,052,3,all_infInput_pos0,"[inf, 2.2738632088209076]",gsl,gsl_sf_ellint_RC_DRIVER,gsl_sf_ellint_RC,EXCEPTION: domain error ,,
133,052,6,all_negZeroInput_pos1,"[2.533265554575144, -0.0]",mpmath,mpmath_elliprc_DRIVER0,elliprc,inf,,
133,052,6,all_negZeroInput_pos1,"[2.533265554575144, -0.0]",gsl,gsl_sf_ellint_RC_DRIVER,gsl_sf_ellint_RC,EXCEPTION: too many iterations error ,,
134,053,3,all_infInput_pos0,"[inf, 2.2738632088209076, 1.261714742492535]",mpmath,mpmath_elliprf_DRIVER0,elliprf,0.0,,
134,053,3,all_infInput_pos0,"[inf, 2.2738632088209076, 1.261714742492535]",gsl,gsl_sf_ellint_RF_DRIVER,gsl_sf_ellint_RF,EXCEPTION: domain error ,,
135,053,6,all_nanInput_pos0,"[nan, 2.2738632088209076, 1.261714742492535]",mpmath,mpmath_elliprf_DRIVER0,elliprf,nan,,
135,053,6,all_nanInput_pos0,"[nan, 2.2738632088209076, 1.261714742492535]",gsl,gsl_sf_ellint_RF_DRIVER,gsl_sf_ellint_RF,EXCEPTION: too many iterations error ,,
136,054,3,all_infInput_pos0,"[inf, 2.2738632088209076]",mpmath,mpmath_struvel_DRIVER0,struvel,EXCEPTION: ValueError,,
136,054,3,all_infInput_pos0,"[inf, 2.2738632088209076]",scipy,scipy_cephes_modstruve_DRIVER0,modstruve,0.0,,
137,054,6,all_infInput_pos1,"[2.533265554575144, inf]",mpmath,mpmath_struvel_DRIVER0,struvel,EXCEPTION: unsupported operand type(s) for //: 'mpf' and 'int',,
137,054,6,all_infInput_pos1,"[2.533265554575144, inf]",scipy,scipy_cephes_modstruve_DRIVER0,modstruve,inf,,
138,054,6,all_nanInput_pos0,"[nan, 2.2738632088209076]",mpmath,mpmath_struvel_DRIVER0,struvel,EXCEPTION: ValueError,,
138,054,6,all_nanInput_pos0,"[nan, 2.2738632088209076]",scipy,scipy_cephes_modstruve_DRIVER0,modstruve,nan,,
139,055,3,all_infInput_pos0,"[inf, 2.2738632088209076, 1.261714742492535]",mpmath,mpmath_elliprd_DRIVER0,elliprd,0.0,,
139,055,3,all_infInput_pos0,"[inf, 2.2738632088209076, 1.261714742492535]",gsl,gsl_sf_ellint_RD_DRIVER,gsl_sf_ellint_RD,EXCEPTION: domain error ,,
140,055,6,all_nanInput_pos0,"[nan, 2.2738632088209076, 1.261714742492535]",mpmath,mpmath_elliprd_DRIVER0,elliprd,nan,,
140,055,6,all_nanInput_pos0,"[nan, 2.2738632088209076, 1.261714742492535]",gsl,gsl_sf_ellint_RD_DRIVER,gsl_sf_ellint_RD,EXCEPTION: too many iterations error ,,
141,055,6,all_negZeroInput_pos2,"[2.533265554575144, 2.2738632088209076, -0.0]",mpmath,mpmath_elliprd_DRIVER0,elliprd,inf,,
141,055,6,all_negZeroInput_pos2,"[2.533265554575144, 2.2738632088209076, -0.0]",gsl,gsl_sf_ellint_RD_DRIVER,gsl_sf_ellint_RD,EXCEPTION: domain error ,,
142,056,3,all_infInput_pos0,"[inf, 2.2738632088209076, 1.261714742492535, 0.77675025087889]",mpmath,mpmath_elliprj_DRIVER0,elliprj,0.0,,
142,056,3,all_infInput_pos0,"[inf, 2.2738632088209076, 1.261714742492535, 0.77675025087889]",gsl,gsl_sf_ellint_RJ_DRIVER,gsl_sf_ellint_RJ,EXCEPTION: domain error ,,
143,056,6,all_nanInput_pos0,"[nan, 2.2738632088209076, 1.261714742492535, 0.77675025087889]",mpmath,mpmath_elliprj_DRIVER0,elliprj,nan,,
143,056,6,all_nanInput_pos0,"[nan, 2.2738632088209076, 1.261714742492535, 0.77675025087889]",gsl,gsl_sf_ellint_RJ_DRIVER,gsl_sf_ellint_RJ,EXCEPTION: domain error ,,
144,056,2,all_nanInput_pos3,"[0.40309273233720366, 2.542301210811698, 2.291323856929842, nan]",mpmath,mpmath_elliprj_DRIVER0,elliprj,2.348110060276162,,
144,056,2,all_nanInput_pos3,"[0.40309273233720366, 2.542301210811698, 2.291323856929842, nan]",gsl,gsl_sf_ellint_RJ_DRIVER,gsl_sf_ellint_RJ,EXCEPTION: domain error ,,
145,056,6,all_negZeroInput_pos3,"[0.40309273233720366, 2.542301210811698, 2.291323856929842, -0.0]",mpmath,mpmath_elliprj_DRIVER0,elliprj,inf,,
145,056,6,all_negZeroInput_pos3,"[0.40309273233720366, 2.542301210811698, 2.291323856929842, -0.0]",gsl,gsl_sf_ellint_RJ_DRIVER,gsl_sf_ellint_RJ,EXCEPTION: domain error ,,
146,057,3,all_infInput_pos0,"[inf, 2.2738632088209076]",mpmath,mpmath_beta_DRIVER0,beta,0.0,,
146,057,3,all_infInput_pos0,"[inf, 2.2738632088209076]",scipy,scipy_special_beta_DRIVER0,beta,0.0,,
146,057,3,all_infInput_pos0,"[inf, 2.2738632088209076]",gsl,gsl_sf_beta_DRIVER,gsl_sf_beta,nan,,
147,057,6,all_nanInput_pos0,"[nan, 2.2738632088209076]",mpmath,mpmath_beta_DRIVER0,beta,nan,,
147,057,6,all_nanInput_pos0,"[nan, 2.2738632088209076]",scipy,scipy_special_beta_DRIVER0,beta,nan,,
147,057,6,all_nanInput_pos0,"[nan, 2.2738632088209076]",gsl,gsl_sf_beta_DRIVER,gsl_sf_beta,EXCEPTION: x too large to extract fraction part ,,
148,057,6,all_negInfInput_pos0,"[-inf, 2.2738632088209076]",mpmath,mpmath_beta_DRIVER0,beta,nan,,
148,057,6,all_negInfInput_pos0,"[-inf, 2.2738632088209076]",scipy,scipy_special_beta_DRIVER0,beta,inf,,
148,057,6,all_negInfInput_pos0,"[-inf, 2.2738632088209076]",gsl,gsl_sf_beta_DRIVER,gsl_sf_beta,EXCEPTION: domain error ,,
149,057,6,all_negZeroInput_pos0,"[-0.0, 2.2738632088209076]",mpmath,mpmath_beta_DRIVER0,beta,inf,,
149,057,6,all_negZeroInput_pos0,"[-0.0, 2.2738632088209076]",scipy,scipy_special_beta_DRIVER0,beta,inf,,
149,057,6,all_negZeroInput_pos0,"[-0.0, 2.2738632088209076]",gsl,gsl_sf_beta_DRIVER,gsl_sf_beta,EXCEPTION: domain error ,,
150,058,6,all_negInfInput_pos0,[-inf],scipy,scipy_cephes_k0e_DRIVER0,k0e,nan,,
150,058,6,all_negInfInput_pos0,[-inf],gsl,gsl_sf_bessel_K0_scaled_DRIVER,gsl_sf_bessel_K0_scaled,EXCEPTION: domain error ,,
151,058,6,all_negZeroInput_pos0,[-0.0],scipy,scipy_cephes_k0e_DRIVER0,k0e,inf,,
151,058,6,all_negZeroInput_pos0,[-0.0],gsl,gsl_sf_bessel_K0_scaled_DRIVER,gsl_sf_bessel_K0_scaled,EXCEPTION: domain error ,,
152,059,6,all_infInput_pos0,[inf],mpmath,mpmath_ellipk_DRIVER0,ellipk,"EXCEPTION: float() argument must be a string or a number, not 'mpc'",,
152,059,6,all_infInput_pos0,[inf],scipy,scipy_special_ellipk_DRIVER0,ellipk,nan,,
153,059,6,all_infInput_pos1,[2.533265554575144],mpmath,mpmath_ellipk_DRIVER0,ellipk,"EXCEPTION: float() argument must be a string or a number, not 'mpc'",,
153,059,6,all_infInput_pos1,[2.533265554575144],scipy,scipy_special_ellipk_DRIVER0,ellipk,nan,,
154,060,3,all_infInput_pos0,[inf],mpmath,mpmath_fp_si_DRIVER0,si,1.5707963267948966,,
154,060,3,all_infInput_pos0,[inf],gsl,gsl_sf_Si_DRIVER,gsl_sf_Si,nan,,
155,060,1,all_nanInput_pos0,[nan],mpmath,mpmath_fp_si_DRIVER0,si,EXCEPTION: TIMEOUT,,
155,060,1,all_nanInput_pos0,[nan],gsl,gsl_sf_Si_DRIVER,gsl_sf_Si,nan,,
156,061,3,all_infInput_pos0,"[0, inf]",mpmath,mpmath_besselk_DRIVER1,besselk,EXCEPTION: cannot convert inf or nan to int,,
156,061,3,all_infInput_pos0,"[0, inf]",scipy,scipy_cephes_kn_DRIVER1,kn,0.0,,
156,061,3,all_infInput_pos0,"[0, inf]",scipy,scipy_cephes_kv_DRIVER1,kv,0.0,,
156,061,3,all_infInput_pos0,"[0, inf]",gsl,gsl_sf_bessel_Kn_DRIVER,gsl_sf_bessel_Kn,0.0,,
157,061,6,all_nanInput_pos0,"[0, nan]",mpmath,mpmath_besselk_DRIVER1,besselk,EXCEPTION: cannot convert inf or nan to int,,
157,061,6,all_nanInput_pos0,"[0, nan]",scipy,scipy_cephes_kn_DRIVER1,kn,nan,,
157,061,6,all_nanInput_pos0,"[0, nan]",scipy,scipy_cephes_kv_DRIVER1,kv,nan,,
157,061,6,all_nanInput_pos0,"[0, nan]",gsl,gsl_sf_bessel_Kn_DRIVER,gsl_sf_bessel_Kn,nan,,
158,061,6,all_negInfInput_pos0,"[0, -inf]",mpmath,mpmath_besselk_DRIVER1,besselk,EXCEPTION: cannot convert inf or nan to int,,
158,061,6,all_negInfInput_pos0,"[0, -inf]",scipy,scipy_cephes_kn_DRIVER1,kn,nan,,
158,061,6,all_negInfInput_pos0,"[0, -inf]",scipy,scipy_cephes_kv_DRIVER1,kv,nan,,
158,061,6,all_negInfInput_pos0,"[0, -inf]",gsl,gsl_sf_bessel_Kn_DRIVER,gsl_sf_bessel_Kn,EXCEPTION: domain error ,,
159,061,6,all_negZeroInput_pos0,"[0, -0.0]",mpmath,mpmath_besselk_DRIVER1,besselk,inf,,
159,061,6,all_negZeroInput_pos0,"[0, -0.0]",scipy,scipy_cephes_kn_DRIVER1,kn,inf,,
159,061,6,all_negZeroInput_pos0,"[0, -0.0]",scipy,scipy_cephes_kv_DRIVER1,kv,inf,,
159,061,6,all_negZeroInput_pos0,"[0, -0.0]",gsl,gsl_sf_bessel_Kn_DRIVER,gsl_sf_bessel_Kn,EXCEPTION: domain error ,,
160,062,6,all_infInput_pos2,"[2, 0, 2.533265554575144]",mpmath,mpmath_hyp1f1_DRIVER2,hyp1f1,EXCEPTION: pole in hypergeometric series,,
160,062,6,all_infInput_pos2,"[2, 0, 2.533265554575144]",scipy,scipy_cephes_hyp1f1_DRIVER2,hyp1f1,inf,,
160,062,6,all_infInput_pos2,"[2, 0, 2.533265554575144]",gsl,gsl_sf_hyperg_1F1_int_DRIVER,gsl_sf_hyperg_1F1_int,EXCEPTION: domain error ,,
161,062,4,gsl_sf_hyperg_1F1_int_DRIVER~input_num010,"[10, 100, 1.0]",mpmath,mpmath_hyp1f1_DRIVER2,hyp1f1,1.1056660194025527,"{'mpmath/scipy': 0.0004048681371304763, 'mpmath/gsl': 4.440892098500626e-16, 'scipy/gsl': 0.0004048681371309204}","{'mpmath/scipy': 0.00036624285277398426, 'mpmath/gsl': 4.016486009853377e-16, 'scipy/gsl': 0.00036624285277438585}"
161,062,4,gsl_sf_hyperg_1F1_int_DRIVER~input_num010,"[10, 100, 1.0]",scipy,scipy_cephes_hyp1f1_DRIVER2,hyp1f1,1.1052611512654222,"{'mpmath/scipy': 0.0004048681371304763, 'mpmath/gsl': 4.440892098500626e-16, 'scipy/gsl': 0.0004048681371309204}","{'mpmath/scipy': 0.00036624285277398426, 'mpmath/gsl': 4.016486009853377e-16, 'scipy/gsl': 0.00036624285277438585}"
161,062,4,gsl_sf_hyperg_1F1_int_DRIVER~input_num010,"[10, 100, 1.0]",gsl,gsl_sf_hyperg_1F1_int_DRIVER,gsl_sf_hyperg_1F1_int,1.1056660194025532,"{'mpmath/scipy': 0.0004048681371304763, 'mpmath/gsl': 4.440892098500626e-16, 'scipy/gsl': 0.0004048681371309204}","{'mpmath/scipy': 0.00036624285277398426, 'mpmath/gsl': 4.016486009853377e-16, 'scipy/gsl': 0.00036624285277438585}"
162,062,5,gsl_sf_hyperg_1F1_int_DRIVER~input_num015,"[10, 100, 500.0]",mpmath,mpmath_hyp1f1_DRIVER2,hyp1f1,7.633961202528731e+123,,
162,062,5,gsl_sf_hyperg_1F1_int_DRIVER~input_num015,"[10, 100, 500.0]",scipy,scipy_cephes_hyp1f1_DRIVER2,hyp1f1,inf,,
162,062,5,gsl_sf_hyperg_1F1_int_DRIVER~input_num015,"[10, 100, 500.0]",gsl,gsl_sf_hyperg_1F1_int_DRIVER,gsl_sf_hyperg_1F1_int,7.633961202528787e+123,,
163,062,4,gsl_sf_hyperg_1F1_int_DRIVER~input_num033,"[10, 50, -1.0]",mpmath,mpmath_hyp1f1_DRIVER2,hyp1f1,0.8200061960793795,"{'mpmath/scipy': 1.8148466063294677e-08, 'mpmath/gsl': 1.1102230246251565e-16, 'scipy/gsl': 1.8148465952272375e-08}","{'mpmath/scipy': 2.213210820751644e-08, 'mpmath/gsl': 1.3539202873507103e-16, 'scipy/gsl': 2.2132108072124413e-08}"
163,062,4,gsl_sf_hyperg_1F1_int_DRIVER~input_num033,"[10, 50, -1.0]",scipy,scipy_cephes_hyp1f1_DRIVER2,hyp1f1,0.8200062142278456,"{'mpmath/scipy': 1.8148466063294677e-08, 'mpmath/gsl': 1.1102230246251565e-16, 'scipy/gsl': 1.8148465952272375e-08}","{'mpmath/scipy': 2.213210820751644e-08, 'mpmath/gsl': 1.3539202873507103e-16, 'scipy/gsl': 2.2132108072124413e-08}"
163,062,4,gsl_sf_hyperg_1F1_int_DRIVER~input_num033,"[10, 50, -1.0]",gsl,gsl_sf_hyperg_1F1_int_DRIVER,gsl_sf_hyperg_1F1_int,0.8200061960793796,"{'mpmath/scipy': 1.8148466063294677e-08, 'mpmath/gsl': 1.1102230246251565e-16, 'scipy/gsl': 1.8148465952272375e-08}","{'mpmath/scipy': 2.213210820751644e-08, 'mpmath/gsl': 1.3539202873507103e-16, 'scipy/gsl': 2.2132108072124413e-08}"
164,062,5,gsl_sf_hyperg_1F1_int_DRIVER~input_num053,"[-1, -2, 2.0]",mpmath,mpmath_hyp1f1_DRIVER2,hyp1f1,2.0,,
164,062,5,gsl_sf_hyperg_1F1_int_DRIVER~input_num053,"[-1, -2, 2.0]",scipy,scipy_cephes_hyp1f1_DRIVER2,hyp1f1,inf,,
164,062,5,gsl_sf_hyperg_1F1_int_DRIVER~input_num053,"[-1, -2, 2.0]",gsl,gsl_sf_hyperg_1F1_int_DRIVER,gsl_sf_hyperg_1F1_int,2.0,,
165,063,6,all_infInput_pos0,[inf],scipy,scipy_cephes_i1_DRIVER0,i1,nan,,
165,063,6,all_infInput_pos0,[inf],gsl,gsl_sf_bessel_I1_DRIVER,gsl_sf_bessel_I1,EXCEPTION: overflow ,,
166,063,6,all_nanInput_pos0,[nan],scipy,scipy_cephes_i1_DRIVER0,i1,nan,,
166,063,6,all_nanInput_pos0,[nan],gsl,gsl_sf_bessel_I1_DRIVER,gsl_sf_bessel_I1,EXCEPTION: overflow ,,
167,064,6,all_infInput_pos0,"[0, inf]",mpmath,mpmath_besseli_DRIVER1,besseli,EXCEPTION: unsupported operand type(s) for //: 'mpf' and 'int',,
167,064,6,all_infInput_pos0,"[0, inf]",scipy,scipy_cephes_iv_DRIVER1,iv,nan,,
167,064,6,all_infInput_pos0,"[0, inf]",gsl,gsl_sf_bessel_In_DRIVER,gsl_sf_bessel_In,EXCEPTION: overflow ,,
168,065,3,all_infInput_pos0,"[inf, 2.2738632088209076]",mpmath,mpmath_besseli_DRIVER0,besseli,EXCEPTION: ValueError,,
168,065,3,all_infInput_pos0,"[inf, 2.2738632088209076]",scipy,scipy_cephes_iv_DRIVER0,iv,0.0,,
168,065,3,all_infInput_pos0,"[inf, 2.2738632088209076]",gsl,gsl_sf_bessel_Inu_DRIVER,gsl_sf_bessel_Inu,nan,,
169,065,6,all_nanInput_pos0,"[nan, 2.2738632088209076]",mpmath,mpmath_besseli_DRIVER0,besseli,EXCEPTION: ValueError,,
169,065,6,all_nanInput_pos0,"[nan, 2.2738632088209076]",scipy,scipy_cephes_iv_DRIVER0,iv,nan,,
169,065,6,all_nanInput_pos0,"[nan, 2.2738632088209076]",gsl,gsl_sf_bessel_Inu_DRIVER,gsl_sf_bessel_Inu,EXCEPTION: error ,,
170,065,6,all_negInfInput_pos1,"[2.533265554575144, -inf]",mpmath,mpmath_besseli_DRIVER0,besseli,EXCEPTION: unsupported operand type(s) for //: 'mpf' and 'int',,
170,065,6,all_negInfInput_pos1,"[2.533265554575144, -inf]",scipy,scipy_cephes_iv_DRIVER0,iv,nan,,
170,065,6,all_negInfInput_pos1,"[2.533265554575144, -inf]",gsl,gsl_sf_bessel_Inu_DRIVER,gsl_sf_bessel_Inu,EXCEPTION: domain error ,,
171,066,6,all_infInput_pos0,[inf],mpmath,mpmath_gamma_DRIVER0,gamma,inf,,
171,066,6,all_infInput_pos0,[inf],scipy,scipy_special_gamma_DRIVER0,gamma,inf,,
171,066,6,all_infInput_pos0,[inf],gsl,gsl_sf_gamma_DRIVER,gsl_sf_gamma,EXCEPTION: overflow ,,
172,066,6,all_nanInput_pos0,[nan],mpmath,mpmath_gamma_DRIVER0,gamma,nan,,
172,066,6,all_nanInput_pos0,[nan],scipy,scipy_special_gamma_DRIVER0,gamma,nan,,
172,066,6,all_nanInput_pos0,[nan],gsl,gsl_sf_gamma_DRIVER,gsl_sf_gamma,EXCEPTION: overflow ,,
173,066,6,all_negZeroInput_pos0,[-0.0],mpmath,mpmath_gamma_DRIVER0,gamma,EXCEPTION: gamma function pole,,
173,066,6,all_negZeroInput_pos0,[-0.0],scipy,scipy_special_gamma_DRIVER0,gamma,inf,,
173,066,6,all_negZeroInput_pos0,[-0.0],gsl,gsl_sf_gamma_DRIVER,gsl_sf_gamma,EXCEPTION: domain error ,,
174,066,6,mpmath_gamma_DRIVER0~inputs_num003,[300.0],mpmath,mpmath_gamma_DRIVER0,gamma,inf,,
174,066,6,mpmath_gamma_DRIVER0~inputs_num003,[300.0],scipy,scipy_special_gamma_DRIVER0,gamma,inf,,
174,066,6,mpmath_gamma_DRIVER0~inputs_num003,[300.0],gsl,gsl_sf_gamma_DRIVER,gsl_sf_gamma,EXCEPTION: overflow ,,
175,067,6,all_infInput_pos0,[inf],mpmath,mpmath_mpf_DRIVER0,mpf,inf,,
175,067,6,all_infInput_pos0,[inf],mpmath,mpmath_re_DRIVER0,re,inf,,
175,067,6,all_infInput_pos0,[inf],mpmath,mpmath_conj_DRIVER0,conj,inf,,
175,067,6,all_infInput_pos0,[inf],gsl,gsl_sf_legendre_P1_DRIVER,gsl_sf_legendre_P1,inf,,
175,067,6,all_infInput_pos0,[inf],gsl,gsl_sf_angle_restrict_symm_DRIVER,gsl_sf_angle_restrict_symm,EXCEPTION: error ,,
175,067,6,all_infInput_pos0,[inf],gsl,gsl_sf_angle_restrict_pos_DRIVER,gsl_sf_angle_restrict_pos,EXCEPTION: error ,,
176,067,4,gsl_sf_legendre_P1_DRIVER~input_num000,[-0.5],mpmath,mpmath_mpf_DRIVER0,mpf,-0.5,"{'mpmath/mpmath': 0.0, 'mpmath/gsl': 6.283185307179586, 'gsl/gsl': 6.283185307179586}","{'mpmath/mpmath': 0.0, 'mpmath/gsl': 2.0, 'gsl/gsl': 2.0}"
176,067,4,gsl_sf_legendre_P1_DRIVER~input_num000,[-0.5],mpmath,mpmath_re_DRIVER0,re,-0.5,"{'mpmath/mpmath': 0.0, 'mpmath/gsl': 6.283185307179586, 'gsl/gsl': 6.283185307179586}","{'mpmath/mpmath': 0.0, 'mpmath/gsl': 2.0, 'gsl/gsl': 2.0}"
176,067,4,gsl_sf_legendre_P1_DRIVER~input_num000,[-0.5],mpmath,mpmath_conj_DRIVER0,conj,-0.5,"{'mpmath/mpmath': 0.0, 'mpmath/gsl': 6.283185307179586, 'gsl/gsl': 6.283185307179586}","{'mpmath/mpmath': 0.0, 'mpmath/gsl': 2.0, 'gsl/gsl': 2.0}"
176,067,4,gsl_sf_legendre_P1_DRIVER~input_num000,[-0.5],gsl,gsl_sf_legendre_P1_DRIVER,gsl_sf_legendre_P1,-0.5,"{'mpmath/mpmath': 0.0, 'mpmath/gsl': 6.283185307179586, 'gsl/gsl': 6.283185307179586}","{'mpmath/mpmath': 0.0, 'mpmath/gsl': 2.0, 'gsl/gsl': 2.0}"
176,067,4,gsl_sf_legendre_P1_DRIVER~input_num000,[-0.5],gsl,gsl_sf_angle_restrict_symm_DRIVER,gsl_sf_angle_restrict_symm,-0.5,"{'mpmath/mpmath': 0.0, 'mpmath/gsl': 6.283185307179586, 'gsl/gsl': 6.283185307179586}","{'mpmath/mpmath': 0.0, 'mpmath/gsl': 2.0, 'gsl/gsl': 2.0}"
176,067,4,gsl_sf_legendre_P1_DRIVER~input_num000,[-0.5],gsl,gsl_sf_angle_restrict_pos_DRIVER,gsl_sf_angle_restrict_pos,5.783185307179586,"{'mpmath/mpmath': 0.0, 'mpmath/gsl': 6.283185307179586, 'gsl/gsl': 6.283185307179586}","{'mpmath/mpmath': 0.0, 'mpmath/gsl': 2.0, 'gsl/gsl': 2.0}"
177,067,4,mpmath_mpf_DRIVER0~inputs_num008,[6.0],mpmath,mpmath_mpf_DRIVER0,mpf,6.0,"{'mpmath/mpmath': 0.0, 'mpmath/gsl': 0.0, 'gsl/gsl': 6.283185307179586}","{'mpmath/mpmath': 0.0, 'mpmath/gsl': 0.0, 'gsl/gsl': 2.0}"
177,067,4,mpmath_mpf_DRIVER0~inputs_num008,[6.0],mpmath,mpmath_re_DRIVER0,re,6.0,"{'mpmath/mpmath': 0.0, 'mpmath/gsl': 0.0, 'gsl/gsl': 6.283185307179586}","{'mpmath/mpmath': 0.0, 'mpmath/gsl': 0.0, 'gsl/gsl': 2.0}"
177,067,4,mpmath_mpf_DRIVER0~inputs_num008,[6.0],mpmath,mpmath_conj_DRIVER0,conj,6.0,"{'mpmath/mpmath': 0.0, 'mpmath/gsl': 0.0, 'gsl/gsl': 6.283185307179586}","{'mpmath/mpmath': 0.0, 'mpmath/gsl': 0.0, 'gsl/gsl': 2.0}"
177,067,4,mpmath_mpf_DRIVER0~inputs_num008,[6.0],gsl,gsl_sf_legendre_P1_DRIVER,gsl_sf_legendre_P1,6.0,"{'mpmath/mpmath': 0.0, 'mpmath/gsl': 0.0, 'gsl/gsl': 6.283185307179586}","{'mpmath/mpmath': 0.0, 'mpmath/gsl': 0.0, 'gsl/gsl': 2.0}"
177,067,4,mpmath_mpf_DRIVER0~inputs_num008,[6.0],gsl,gsl_sf_angle_restrict_symm_DRIVER,gsl_sf_angle_restrict_symm,-0.28318530717958645,"{'mpmath/mpmath': 0.0, 'mpmath/gsl': 0.0, 'gsl/gsl': 6.283185307179586}","{'mpmath/mpmath': 0.0, 'mpmath/gsl': 0.0, 'gsl/gsl': 2.0}"
177,067,4,mpmath_mpf_DRIVER0~inputs_num008,[6.0],gsl,gsl_sf_angle_restrict_pos_DRIVER,gsl_sf_angle_restrict_pos,6.0,"{'mpmath/mpmath': 0.0, 'mpmath/gsl': 0.0, 'gsl/gsl': 6.283185307179586}","{'mpmath/mpmath': 0.0, 'mpmath/gsl': 0.0, 'gsl/gsl': 2.0}"
178,067,5,mpmath_mpf_DRIVER0~inputs_num033,[368983957219251.0],mpmath,mpmath_mpf_DRIVER0,mpf,368983957219251.0,,
178,067,5,mpmath_mpf_DRIVER0~inputs_num033,[368983957219251.0],mpmath,mpmath_re_DRIVER0,re,368983957219251.0,,
178,067,5,mpmath_mpf_DRIVER0~inputs_num033,[368983957219251.0],mpmath,mpmath_conj_DRIVER0,conj,368983957219251.0,,
178,067,5,mpmath_mpf_DRIVER0~inputs_num033,[368983957219251.0],gsl,gsl_sf_legendre_P1_DRIVER,gsl_sf_legendre_P1,368983957219251.0,,
178,067,5,mpmath_mpf_DRIVER0~inputs_num033,[368983957219251.0],gsl,gsl_sf_angle_restrict_symm_DRIVER,gsl_sf_angle_restrict_symm,EXCEPTION: error ,,
178,067,5,mpmath_mpf_DRIVER0~inputs_num033,[368983957219251.0],gsl,gsl_sf_angle_restrict_pos_DRIVER,gsl_sf_angle_restrict_pos,EXCEPTION: error ,,
179,069,6,all_negInfInput_pos0,"[-inf, 2.2738632088209076]",mpmath,mpmath_agm_DRIVER0,agm,"EXCEPTION: float() argument must be a string or a number, not 'mpc'",,
179,069,6,all_negInfInput_pos0,"[-inf, 2.2738632088209076]",scipy,scipy_special_agm_DRIVER0,agm,nan,,
180,070,6,all_negInfInput_pos0,[-inf],scipy,scipy_cephes_k1e_DRIVER0,k1e,nan,,
180,070,6,all_negInfInput_pos0,[-inf],gsl,gsl_sf_bessel_K1_scaled_DRIVER,gsl_sf_bessel_K1_scaled,EXCEPTION: domain error ,,
181,070,6,all_negZeroInput_pos0,[-0.0],scipy,scipy_cephes_k1e_DRIVER0,k1e,inf,,
181,070,6,all_negZeroInput_pos0,[-0.0],gsl,gsl_sf_bessel_K1_scaled_DRIVER,gsl_sf_bessel_K1_scaled,EXCEPTION: domain error ,,
182,071,6,all_infInput_pos0,[inf],mpmath,mpmath_chi_DRIVER0,chi,inf,,
182,071,6,all_infInput_pos0,[inf],gsl,gsl_sf_Chi_DRIVER,gsl_sf_Chi,EXCEPTION: overflow underflow ,,
183,071,6,all_nanInput_pos0,[nan],mpmath,mpmath_chi_DRIVER0,chi,nan,,
183,071,6,all_nanInput_pos0,[nan],gsl,gsl_sf_Chi_DRIVER,gsl_sf_Chi,EXCEPTION: underflow ,,
184,071,6,all_negZeroInput_pos0,[-0.0],mpmath,mpmath_chi_DRIVER0,chi,-inf,,
184,071,6,all_negZeroInput_pos0,[-0.0],gsl,gsl_sf_Chi_DRIVER,gsl_sf_Chi,EXCEPTION: domain error ,,
185,071,5,gsl_sf_Chi_DRIVER~input_num000,[-1.0],mpmath,mpmath_chi_DRIVER0,chi,"EXCEPTION: float() argument must be a string or a number, not 'mpc'",,
185,071,5,gsl_sf_Chi_DRIVER~input_num000,[-1.0],gsl,gsl_sf_Chi_DRIVER,gsl_sf_Chi,0.8378669409802082,,
186,072,6,all_negInfInput_pos0,"[-inf, 2.2738632088209076]",scipy,scipy_cephes_kve_DRIVER0,kve,nan,,
186,072,6,all_negInfInput_pos0,"[-inf, 2.2738632088209076]",gsl,gsl_sf_bessel_Knu_scaled_DRIVER,gsl_sf_bessel_Knu_scaled,EXCEPTION: domain error ,,
187,072,6,all_negZeroInput_pos1,"[2.533265554575144, -0.0]",scipy,scipy_cephes_kve_DRIVER0,kve,inf,,
187,072,6,all_negZeroInput_pos1,"[2.533265554575144, -0.0]",gsl,gsl_sf_bessel_Knu_scaled_DRIVER,gsl_sf_bessel_Knu_scaled,EXCEPTION: domain error ,,
188,073,6,all_infInput_pos0,[inf],mpmath,mpmath_shi_DRIVER0,shi,inf,,
188,073,6,all_infInput_pos0,[inf],gsl,gsl_sf_Shi_DRIVER,gsl_sf_Shi,EXCEPTION: overflow underflow ,,
189,074,6,all_infInput_pos0,[inf],mpmath,mpmath_fp_fac_DRIVER0,fac,EXCEPTION: cannot convert float infinity to integer,,
189,074,6,all_infInput_pos0,[inf],mpmath,mpmath_factorial_DRIVER0,factorial,inf,,
189,074,6,all_infInput_pos0,[inf],scipy,scipy_special_factorial_DRIVER0,factorial,inf,,
190,074,2,all_nanInput_pos0,[nan],mpmath,mpmath_fp_fac_DRIVER0,fac,EXCEPTION: cannot convert float NaN to integer,,
190,074,2,all_nanInput_pos0,[nan],mpmath,mpmath_factorial_DRIVER0,factorial,nan,,
190,074,2,all_nanInput_pos0,[nan],scipy,scipy_special_factorial_DRIVER0,factorial,0.0,,
191,074,3,all_negInfInput_pos0,[-inf],mpmath,mpmath_fp_fac_DRIVER0,fac,EXCEPTION: cannot convert float infinity to integer,,
191,074,3,all_negInfInput_pos0,[-inf],mpmath,mpmath_factorial_DRIVER0,factorial,nan,,
191,074,3,all_negInfInput_pos0,[-inf],scipy,scipy_special_factorial_DRIVER0,factorial,0.0,,
192,075,6,all_infInput_pos0,[inf],scipy,scipy_cephes_i0_DRIVER0,i0,nan,,
192,075,6,all_infInput_pos0,[inf],gsl,gsl_sf_bessel_I0_DRIVER,gsl_sf_bessel_I0,EXCEPTION: overflow ,,
193,075,6,all_nanInput_pos0,[nan],scipy,scipy_cephes_i0_DRIVER0,i0,nan,,
193,075,6,all_nanInput_pos0,[nan],gsl,gsl_sf_bessel_I0_DRIVER,gsl_sf_bessel_I0,EXCEPTION: overflow ,,
194,076,6,all_infInput_pos0,"[inf, 2.2738632088209076, 1.261714742492535]",mpmath,mpmath_hyperu_DRIVER0,hyperu,EXCEPTION: ValueError,,
194,076,6,all_infInput_pos0,"[inf, 2.2738632088209076, 1.261714742492535]",scipy,scipy_special_hyperu_DRIVER0,hyperu,nan,,
194,076,6,all_infInput_pos0,"[inf, 2.2738632088209076, 1.261714742492535]",gsl,gsl_sf_hyperg_U_DRIVER,gsl_sf_hyperg_U,EXCEPTION: error ,,
195,076,3,all_infInput_pos2,"[2.533265554575144, 2.2738632088209076, inf]",mpmath,mpmath_hyperu_DRIVER0,hyperu,0.0,,
195,076,3,all_infInput_pos2,"[2.533265554575144, 2.2738632088209076, inf]",scipy,scipy_special_hyperu_DRIVER0,hyperu,nan,,
195,076,3,all_infInput_pos2,"[2.533265554575144, 2.2738632088209076, inf]",gsl,gsl_sf_hyperg_U_DRIVER,gsl_sf_hyperg_U,EXCEPTION: error ,,
196,076,6,all_nanInput_pos0,"[nan, 2.2738632088209076, 1.261714742492535]",mpmath,mpmath_hyperu_DRIVER0,hyperu,EXCEPTION: ValueError,,
196,076,6,all_nanInput_pos0,"[nan, 2.2738632088209076, 1.261714742492535]",scipy,scipy_special_hyperu_DRIVER0,hyperu,nan,,
196,076,6,all_nanInput_pos0,"[nan, 2.2738632088209076, 1.261714742492535]",gsl,gsl_sf_hyperg_U_DRIVER,gsl_sf_hyperg_U,EXCEPTION: error ,,
197,076,6,all_negZeroInput_pos2,"[2.533265554575144, 2.2738632088209076, -0.0]",mpmath,mpmath_hyperu_DRIVER0,hyperu,inf,,
197,076,6,all_negZeroInput_pos2,"[2.533265554575144, 2.2738632088209076, -0.0]",scipy,scipy_special_hyperu_DRIVER0,hyperu,nan,,
197,076,6,all_negZeroInput_pos2,"[2.533265554575144, 2.2738632088209076, -0.0]",gsl,gsl_sf_hyperg_U_DRIVER,gsl_sf_hyperg_U,EXCEPTION: domain error ,,
198,076,4,gsl_sf_hyperg_U_DRIVER~input_num003,"[0.0001, 1.0, 0.0001]",mpmath,mpmath_hyperu_DRIVER0,hyperu,1.0009210608660066,"{'mpmath/scipy': 4806275004932.539, 'mpmath/gsl': 1.1080025785759062e-13, 'scipy/gsl': 4806275004932.539}","{'mpmath/scipy': 2.0, 'mpmath/gsl': 1.1069829798738702e-13, 'scipy/gsl': 2.0}"
198,076,4,gsl_sf_hyperg_U_DRIVER~input_num003,"[0.0001, 1.0, 0.0001]",scipy,scipy_special_hyperu_DRIVER0,hyperu,-4806275004931.538,"{'mpmath/scipy': 4806275004932.539, 'mpmath/gsl': 1.1080025785759062e-13, 'scipy/gsl': 4806275004932.539}","{'mpmath/scipy': 2.0, 'mpmath/gsl': 1.1069829798738702e-13, 'scipy/gsl': 2.0}"
198,076,4,gsl_sf_hyperg_U_DRIVER~input_num003,"[0.0001, 1.0, 0.0001]",gsl,gsl_sf_hyperg_U_DRIVER,gsl_sf_hyperg_U,1.0009210608658958,"{'mpmath/scipy': 4806275004932.539, 'mpmath/gsl': 1.1080025785759062e-13, 'scipy/gsl': 4806275004932.539}","{'mpmath/scipy': 2.0, 'mpmath/gsl': 1.1069829798738702e-13, 'scipy/gsl': 2.0}"
199,076,5,gsl_sf_hyperg_U_DRIVER~input_num008,"[0.0001, 1000.0, 999.0]",mpmath,mpmath_hyperu_DRIVER0,hyperu,0.9997195294193262,,
199,076,5,gsl_sf_hyperg_U_DRIVER~input_num008,"[0.0001, 1000.0, 999.0]",scipy,scipy_special_hyperu_DRIVER0,hyperu,nan,,
199,076,5,gsl_sf_hyperg_U_DRIVER~input_num008,"[0.0001, 1000.0, 999.0]",gsl,gsl_sf_hyperg_U_DRIVER,gsl_sf_hyperg_U,0.9997195294192308,,
200,076,4,gsl_sf_hyperg_U_DRIVER~input_num038,"[-10.5, 100.4, 80.0]",mpmath,mpmath_hyperu_DRIVER0,hyperu,203411319101444.38,"{'mpmath/scipy': 27127338.5625, 'mpmath/gsl': 0.03125, 'scipy/gsl': 27127338.59375}","{'mpmath/scipy': 1.3336200016405792e-07, 'mpmath/gsl': 1.5362960202040251e-16, 'scipy/gsl': 1.3336200031768752e-07}"
200,076,4,gsl_sf_hyperg_U_DRIVER~input_num038,"[-10.5, 100.4, 80.0]",scipy,scipy_special_hyperu_DRIVER0,hyperu,203411291974105.8,"{'mpmath/scipy': 27127338.5625, 'mpmath/gsl': 0.03125, 'scipy/gsl': 27127338.59375}","{'mpmath/scipy': 1.3336200016405792e-07, 'mpmath/gsl': 1.5362960202040251e-16, 'scipy/gsl': 1.3336200031768752e-07}"
200,076,4,gsl_sf_hyperg_U_DRIVER~input_num038,"[-10.5, 100.4, 80.0]",gsl,gsl_sf_hyperg_U_DRIVER,gsl_sf_hyperg_U,203411319101444.4,"{'mpmath/scipy': 27127338.5625, 'mpmath/gsl': 0.03125, 'scipy/gsl': 27127338.59375}","{'mpmath/scipy': 1.3336200016405792e-07, 'mpmath/gsl': 1.5362960202040251e-16, 'scipy/gsl': 1.3336200031768752e-07}"
201,076,5,mpmath_hyperu_DRIVER0~inputs_num000,"[2.0, 0.0, 0.0]",mpmath,mpmath_hyperu_DRIVER0,hyperu,0.5,,
201,076,5,mpmath_hyperu_DRIVER0~inputs_num000,"[2.0, 0.0, 0.0]",scipy,scipy_special_hyperu_DRIVER0,hyperu,nan,,
201,076,5,mpmath_hyperu_DRIVER0~inputs_num000,"[2.0, 0.0, 0.0]",gsl,gsl_sf_hyperg_U_DRIVER,gsl_sf_hyperg_U,nan,,
202,077,6,all_infInput_pos0,"[inf, 2.2738632088209076]",mpmath,mpmath_hypot_DRIVER0,hypot,inf,,
202,077,6,all_infInput_pos0,"[inf, 2.2738632088209076]",gsl,gsl_sf_hypot_DRIVER,gsl_sf_hypot,EXCEPTION: overflow ,,
203,077,2,all_nanInput_pos0,"[nan, 2.2738632088209076]",mpmath,mpmath_hypot_DRIVER0,hypot,nan,,
203,077,2,all_nanInput_pos0,"[nan, 2.2738632088209076]",gsl,gsl_sf_hypot_DRIVER,gsl_sf_hypot,3.2157281888957328,,
204,077,6,all_nanInput_pos1,"[2.533265554575144, nan]",mpmath,mpmath_hypot_DRIVER0,hypot,nan,,
204,077,6,all_nanInput_pos1,"[2.533265554575144, nan]",gsl,gsl_sf_hypot_DRIVER,gsl_sf_hypot,EXCEPTION: overflow ,,
205,078,3,all_infInput_pos0,"[0, inf]",scipy,scipy_cephes_kve_DRIVER1,kve,nan,,
205,078,3,all_infInput_pos0,"[0, inf]",gsl,gsl_sf_bessel_Kn_scaled_DRIVER,gsl_sf_bessel_Kn_scaled,0.0,,
206,078,6,all_negInfInput_pos0,"[0, -inf]",scipy,scipy_cephes_kve_DRIVER1,kve,nan,,
206,078,6,all_negInfInput_pos0,"[0, -inf]",gsl,gsl_sf_bessel_Kn_scaled_DRIVER,gsl_sf_bessel_Kn_scaled,EXCEPTION: domain error ,,
207,078,6,all_negZeroInput_pos0,"[0, -0.0]",scipy,scipy_cephes_kve_DRIVER1,kve,inf,,
207,078,6,all_negZeroInput_pos0,"[0, -0.0]",gsl,gsl_sf_bessel_Kn_scaled_DRIVER,gsl_sf_bessel_Kn_scaled,EXCEPTION: domain error ,,
208,079,5,all_infInput_pos4,"[1, 0.40309273233720366]",mpmath,mpmath_besseljzero_DRIVER1,besseljzero,EXCEPTION: m cannot be less than 1,,
208,079,5,all_infInput_pos4,"[1, 0.40309273233720366]",gsl,gsl_sf_bessel_zero_Jnu_DRIVER,gsl_sf_bessel_zero_Jnu,0.0,,
209,079,5,gsl_sf_bessel_zero_Jnu_DRIVER~input_num000,"[1, 0.0]",mpmath,mpmath_besseljzero_DRIVER1,besseljzero,EXCEPTION: m cannot be less than 1,,
209,079,5,gsl_sf_bessel_zero_Jnu_DRIVER~input_num000,"[1, 0.0]",gsl,gsl_sf_bessel_zero_Jnu_DRIVER,gsl_sf_bessel_zero_Jnu,0.0,,
210,080,6,all_infInput_pos0,[inf],mpmath,mpmath_airybi_DRIVER0,airybi,inf,,
210,080,6,all_infInput_pos0,[inf],gsl,gsl_sf_airy_Bi_DRIVER,gsl_sf_airy_Bi,EXCEPTION: overflow ,,
211,080,6,all_nanInput_pos0,[nan],mpmath,mpmath_airybi_DRIVER0,airybi,EXCEPTION: essential singularity of Bi(z),,
211,080,6,all_nanInput_pos0,[nan],gsl,gsl_sf_airy_Bi_DRIVER,gsl_sf_airy_Bi,nan,,
212,080,3,all_negInfInput_pos0,[-inf],mpmath,mpmath_airybi_DRIVER0,airybi,0.0,,
212,080,3,all_negInfInput_pos0,[-inf],gsl,gsl_sf_airy_Bi_DRIVER,gsl_sf_airy_Bi,nan,,
213,080,6,mpmath_airybi_DRIVER0~inputs_num001,[1000.0],mpmath,mpmath_airybi_DRIVER0,airybi,inf,,
213,080,6,mpmath_airybi_DRIVER0~inputs_num001,[1000.0],gsl,gsl_sf_airy_Bi_DRIVER,gsl_sf_airy_Bi,EXCEPTION: overflow ,,
214,081,6,all_infInput_pos0,[inf],mpmath,mpmath_ei_DRIVER0,ei,inf,,
214,081,6,all_infInput_pos0,[inf],scipy,scipy_cephes_expi_DRIVER0,expi,nan,,
214,081,6,all_infInput_pos0,[inf],gsl,gsl_sf_expint_Ei_DRIVER,gsl_sf_expint_Ei,EXCEPTION: overflow ,,
215,081,6,all_nanInput_pos0,[nan],mpmath,mpmath_ei_DRIVER0,ei,nan,,
215,081,6,all_nanInput_pos0,[nan],scipy,scipy_cephes_expi_DRIVER0,expi,nan,,
215,081,6,all_nanInput_pos0,[nan],gsl,gsl_sf_expint_Ei_DRIVER,gsl_sf_expint_Ei,EXCEPTION: underflow ,,
216,081,3,all_negInfInput_pos0,[-inf],mpmath,mpmath_ei_DRIVER0,ei,0.0,,
216,081,3,all_negInfInput_pos0,[-inf],scipy,scipy_cephes_expi_DRIVER0,expi,-0.0,,
216,081,3,all_negInfInput_pos0,[-inf],gsl,gsl_sf_expint_Ei_DRIVER,gsl_sf_expint_Ei,EXCEPTION: underflow ,,
217,081,6,all_negZeroInput_pos0,[-0.0],mpmath,mpmath_ei_DRIVER0,ei,-inf,,
217,081,6,all_negZeroInput_pos0,[-0.0],scipy,scipy_cephes_expi_DRIVER0,expi,-inf,,
217,081,6,all_negZeroInput_pos0,[-0.0],gsl,gsl_sf_expint_Ei_DRIVER,gsl_sf_expint_Ei,EXCEPTION: domain error ,,
218,081,6,mpmath_ei_DRIVER0~inputs_num000,[20000.0],mpmath,mpmath_ei_DRIVER0,ei,inf,,
218,081,6,mpmath_ei_DRIVER0~inputs_num000,[20000.0],scipy,scipy_cephes_expi_DRIVER0,expi,inf,,
218,081,6,mpmath_ei_DRIVER0~inputs_num000,[20000.0],gsl,gsl_sf_expint_Ei_DRIVER,gsl_sf_expint_Ei,EXCEPTION: overflow ,,
219,082,3,all_infInput_pos0,"[0, inf]",mpmath,mpmath_hermite_DRIVER1,hermite,nan,,
219,082,3,all_infInput_pos0,"[0, inf]",scipy,scipy_orth_eval_hermite_DRIVER1,eval_hermite,1.0,,
220,082,2,all_nanInput_pos0,"[0, nan]",mpmath,mpmath_hermite_DRIVER1,hermite,nan,,
220,082,2,all_nanInput_pos0,"[0, nan]",scipy,scipy_orth_eval_hermite_DRIVER1,eval_hermite,1.0,,
221,083,3,all_infInput_pos0,"[inf, 2.2738632088209076]",mpmath,mpmath_hyp0f1_DRIVER0,hyp0f1,EXCEPTION: ValueError,,
221,083,3,all_infInput_pos0,"[inf, 2.2738632088209076]",scipy,scipy_special_hyp0f1_DRIVER0,hyp0f1,1.0,,
221,083,3,all_infInput_pos0,"[inf, 2.2738632088209076]",gsl,gsl_sf_hyperg_0F1_DRIVER,gsl_sf_hyperg_0F1,nan,,
222,083,6,all_infInput_pos1,"[2.533265554575144, inf]",mpmath,mpmath_hyp0f1_DRIVER0,hyp0f1,EXCEPTION: unsupported operand type(s) for //: 'mpf' and 'int',,
222,083,6,all_infInput_pos1,"[2.533265554575144, inf]",scipy,scipy_special_hyp0f1_DRIVER0,hyp0f1,nan,,
222,083,6,all_infInput_pos1,"[2.533265554575144, inf]",gsl,gsl_sf_hyperg_0F1_DRIVER,gsl_sf_hyperg_0F1,EXCEPTION: overflow ,,
223,083,6,all_nanInput_pos0,"[nan, 2.2738632088209076]",mpmath,mpmath_hyp0f1_DRIVER0,hyp0f1,EXCEPTION: ValueError,,
223,083,6,all_nanInput_pos0,"[nan, 2.2738632088209076]",scipy,scipy_special_hyp0f1_DRIVER0,hyp0f1,nan,,
223,083,6,all_nanInput_pos0,"[nan, 2.2738632088209076]",gsl,gsl_sf_hyperg_0F1_DRIVER,gsl_sf_hyperg_0F1,EXCEPTION: x too large to extract fraction part error ,,
224,083,2,all_nanInput_pos1,"[2.533265554575144, nan]",mpmath,mpmath_hyp0f1_DRIVER0,hyp0f1,1.0,,
224,083,2,all_nanInput_pos1,"[2.533265554575144, nan]",scipy,scipy_special_hyp0f1_DRIVER0,hyp0f1,nan,,
224,083,2,all_nanInput_pos1,"[2.533265554575144, nan]",gsl,gsl_sf_hyperg_0F1_DRIVER,gsl_sf_hyperg_0F1,EXCEPTION: error ,,
225,083,6,all_negZeroInput_pos0,"[-0.0, 2.2738632088209076]",mpmath,mpmath_hyp0f1_DRIVER0,hyp0f1,EXCEPTION: pole in hypergeometric series,,
225,083,6,all_negZeroInput_pos0,"[-0.0, 2.2738632088209076]",scipy,scipy_special_hyp0f1_DRIVER0,hyp0f1,nan,,
225,083,6,all_negZeroInput_pos0,"[-0.0, 2.2738632088209076]",gsl,gsl_sf_hyperg_0F1_DRIVER,gsl_sf_hyperg_0F1,EXCEPTION: domain error ,,
226,083,6,mpmath_hyp0f1_DRIVER0~inputs_num001,"[3.0, 1000000000.0]",mpmath,mpmath_hyp0f1_DRIVER0,hyp0f1,inf,,
226,083,6,mpmath_hyp0f1_DRIVER0~inputs_num001,"[3.0, 1000000000.0]",scipy,scipy_special_hyp0f1_DRIVER0,hyp0f1,inf,,
226,083,6,mpmath_hyp0f1_DRIVER0~inputs_num001,"[3.0, 1000000000.0]",gsl,gsl_sf_hyperg_0F1_DRIVER,gsl_sf_hyperg_0F1,EXCEPTION: overflow ,,
227,084,6,all_infInput_pos0,"[inf, 2.2738632088209076, 1.261714742492535]",mpmath,mpmath_hyp1f1_DRIVER0,hyp1f1,EXCEPTION: ValueError,,
227,084,6,all_infInput_pos0,"[inf, 2.2738632088209076, 1.261714742492535]",scipy,scipy_cephes_hyp1f1_DRIVER0,hyp1f1,inf,,
227,084,6,all_infInput_pos0,"[inf, 2.2738632088209076, 1.261714742492535]",gsl,gsl_sf_hyperg_1F1_DRIVER,gsl_sf_hyperg_1F1,nan,,
228,084,3,all_infInput_pos1,"[2.533265554575144, inf, 1.261714742492535]",mpmath,mpmath_hyp1f1_DRIVER0,hyp1f1,EXCEPTION: ValueError,,
228,084,3,all_infInput_pos1,"[2.533265554575144, inf, 1.261714742492535]",scipy,scipy_cephes_hyp1f1_DRIVER0,hyp1f1,nan,,
228,084,3,all_infInput_pos1,"[2.533265554575144, inf, 1.261714742492535]",gsl,gsl_sf_hyperg_1F1_DRIVER,gsl_sf_hyperg_1F1,1.0,,
229,084,6,all_nanInput_pos0,"[nan, 2.2738632088209076, 1.261714742492535]",mpmath,mpmath_hyp1f1_DRIVER0,hyp1f1,EXCEPTION: ValueError,,
229,084,6,all_nanInput_pos0,"[nan, 2.2738632088209076, 1.261714742492535]",scipy,scipy_cephes_hyp1f1_DRIVER0,hyp1f1,nan,,
229,084,6,all_nanInput_pos0,"[nan, 2.2738632088209076, 1.261714742492535]",gsl,gsl_sf_hyperg_1F1_DRIVER,gsl_sf_hyperg_1F1,nan,,
230,084,2,all_nanInput_pos2,"[2.533265554575144, 2.2738632088209076, nan]",mpmath,mpmath_hyp1f1_DRIVER0,hyp1f1,1.0,,
230,084,2,all_nanInput_pos2,"[2.533265554575144, 2.2738632088209076, nan]",scipy,scipy_cephes_hyp1f1_DRIVER0,hyp1f1,nan,,
230,084,2,all_nanInput_pos2,"[2.533265554575144, 2.2738632088209076, nan]",gsl,gsl_sf_hyperg_1F1_DRIVER,gsl_sf_hyperg_1F1,nan,,
231,084,6,all_negZeroInput_pos1,"[2.533265554575144, -0.0, 1.261714742492535]",mpmath,mpmath_hyp1f1_DRIVER0,hyp1f1,EXCEPTION: pole in hypergeometric series,,
231,084,6,all_negZeroInput_pos1,"[2.533265554575144, -0.0, 1.261714742492535]",scipy,scipy_cephes_hyp1f1_DRIVER0,hyp1f1,inf,,
231,084,6,all_negZeroInput_pos1,"[2.533265554575144, -0.0, 1.261714742492535]",gsl,gsl_sf_hyperg_1F1_DRIVER,gsl_sf_hyperg_1F1,EXCEPTION: domain error ,,
232,084,4,gsl_sf_hyperg_1F1_DRIVER~input_num010,"[10.0, 50.1, 2.0]",mpmath,mpmath_hyp1f1_DRIVER0,hyp1f1,1.500129550796807,"{'mpmath/scipy': 1.8671297596917213e-07, 'mpmath/gsl': 2.220446049250313e-16, 'scipy/gsl': 1.8671297574712753e-07}","{'mpmath/scipy': 1.244645754025534e-07, 'mpmath/gsl': 1.4801695280723612e-16, 'scipy/gsl': 1.2446457525453646e-07}"
232,084,4,gsl_sf_hyperg_1F1_DRIVER~input_num010,"[10.0, 50.1, 2.0]",scipy,scipy_cephes_hyp1f1_DRIVER0,hyp1f1,1.5001293640838311,"{'mpmath/scipy': 1.8671297596917213e-07, 'mpmath/gsl': 2.220446049250313e-16, 'scipy/gsl': 1.8671297574712753e-07}","{'mpmath/scipy': 1.244645754025534e-07, 'mpmath/gsl': 1.4801695280723612e-16, 'scipy/gsl': 1.2446457525453646e-07}"
232,084,4,gsl_sf_hyperg_1F1_DRIVER~input_num010,"[10.0, 50.1, 2.0]",gsl,gsl_sf_hyperg_1F1_DRIVER,gsl_sf_hyperg_1F1,1.5001295507968069,"{'mpmath/scipy': 1.8671297596917213e-07, 'mpmath/gsl': 2.220446049250313e-16, 'scipy/gsl': 1.8671297574712753e-07}","{'mpmath/scipy': 1.244645754025534e-07, 'mpmath/gsl': 1.4801695280723612e-16, 'scipy/gsl': 1.2446457525453646e-07}"
233,084,4,gsl_sf_hyperg_1F1_DRIVER~input_num027,"[10.0, 1.1, -500.0]",mpmath,mpmath_hyp1f1_DRIVER0,hyp1f1,-3.400379216707703e-23,"{'mpmath/scipy': 3.273939061799291e+194, 'mpmath/gsl': 1.2342690683634019e-37, 'scipy/gsl': 3.273939061799291e+194}","{'mpmath/scipy': 2.0, 'mpmath/gsl': 2.4685381367268038e-29, 'scipy/gsl': 2.0}"
233,084,4,gsl_sf_hyperg_1F1_DRIVER~input_num027,"[10.0, 1.1, -500.0]",scipy,scipy_cephes_hyp1f1_DRIVER0,hyp1f1,-3.273939061799291e+194,"{'mpmath/scipy': 3.273939061799291e+194, 'mpmath/gsl': 1.2342690683634019e-37, 'scipy/gsl': 3.273939061799291e+194}","{'mpmath/scipy': 2.0, 'mpmath/gsl': 2.4685381367268038e-29, 'scipy/gsl': 2.0}"
233,084,4,gsl_sf_hyperg_1F1_DRIVER~input_num027,"[10.0, 1.1, -500.0]",gsl,gsl_sf_hyperg_1F1_DRIVER,gsl_sf_hyperg_1F1,-3.4003792167077156e-23,"{'mpmath/scipy': 3.273939061799291e+194, 'mpmath/gsl': 1.2342690683634019e-37, 'scipy/gsl': 3.273939061799291e+194}","{'mpmath/scipy': 2.0, 'mpmath/gsl': 2.4685381367268038e-29, 'scipy/gsl': 2.0}"
234,084,5,gsl_sf_hyperg_1F1_DRIVER~input_num085,"[1.0, 1000000.5, 1001000.5]",mpmath,mpmath_hyp1f1_DRIVER0,hyp1f1,EXCEPTION: Hypergeometric series converges too slowly. Try increasing maxterms.,,
234,084,5,gsl_sf_hyperg_1F1_DRIVER~input_num085,"[1.0, 1000000.5, 1001000.5]",scipy,scipy_cephes_hyp1f1_DRIVER0,hyp1f1,nan,,
234,084,5,gsl_sf_hyperg_1F1_DRIVER~input_num085,"[1.0, 1000000.5, 1001000.5]",gsl,gsl_sf_hyperg_1F1_DRIVER,gsl_sf_hyperg_1F1,3480.3699557431773,,
235,084,5,gsl_sf_hyperg_1F1_DRIVER~input_num095,"[-1.0, -1.0, 0.1]",mpmath,mpmath_hyp1f1_DRIVER0,hyp1f1,1.1,,
235,084,5,gsl_sf_hyperg_1F1_DRIVER~input_num095,"[-1.0, -1.0, 0.1]",scipy,scipy_cephes_hyp1f1_DRIVER0,hyp1f1,inf,,
235,084,5,gsl_sf_hyperg_1F1_DRIVER~input_num095,"[-1.0, -1.0, 0.1]",gsl,gsl_sf_hyperg_1F1_DRIVER,gsl_sf_hyperg_1F1,1.1051709180756477,,
236,084,6,mpmath_hyp1f1_DRIVER0~inputs_num002,"[2.0, 3.0, 10000000000.0]",mpmath,mpmath_hyp1f1_DRIVER0,hyp1f1,inf,,
236,084,6,mpmath_hyp1f1_DRIVER0~inputs_num002,"[2.0, 3.0, 10000000000.0]",scipy,scipy_cephes_hyp1f1_DRIVER0,hyp1f1,inf,,
236,084,6,mpmath_hyp1f1_DRIVER0~inputs_num002,"[2.0, 3.0, 10000000000.0]",gsl,gsl_sf_hyperg_1F1_DRIVER,gsl_sf_hyperg_1F1,EXCEPTION: overflow ,,
237,085,6,all_infInput_pos0,[inf],mpmath,mpmath_expm1_DRIVER0,expm1,inf,,
237,085,6,all_infInput_pos0,[inf],scipy,scipy_cephes_expm1_DRIVER0,expm1,inf,,
237,085,6,all_infInput_pos0,[inf],gsl,gsl_sf_expm1_DRIVER,gsl_sf_expm1,EXCEPTION: overflow ,,
238,085,6,all_nanInput_pos0,[nan],mpmath,mpmath_expm1_DRIVER0,expm1,nan,,
238,085,6,all_nanInput_pos0,[nan],scipy,scipy_cephes_expm1_DRIVER0,expm1,nan,,
238,085,6,all_nanInput_pos0,[nan],gsl,gsl_sf_expm1_DRIVER,gsl_sf_expm1,EXCEPTION: overflow ,,
239,086,6,all_infInput_pos0,[inf],mpmath,mpmath_exp_DRIVER0,exp,inf,,
239,086,6,all_infInput_pos0,[inf],gsl,gsl_sf_exp_DRIVER,gsl_sf_exp,EXCEPTION: overflow ,,
240,086,3,all_negInfInput_pos0,[-inf],mpmath,mpmath_exp_DRIVER0,exp,0.0,,
240,086,3,all_negInfInput_pos0,[-inf],gsl,gsl_sf_exp_DRIVER,gsl_sf_exp,EXCEPTION: underflow ,,
241,086,6,mpmath_exp_DRIVER0~inputs_num006,[10000.0],mpmath,mpmath_exp_DRIVER0,exp,inf,,
241,086,6,mpmath_exp_DRIVER0~inputs_num006,[10000.0],gsl,gsl_sf_exp_DRIVER,gsl_sf_exp,EXCEPTION: overflow ,,
242,087,6,all_infInput_pos0,"[inf, 2.2738632088209076]",mpmath,mpmath_legendre_DRIVER0,legendre,EXCEPTION: ValueError,,
242,087,6,all_infInput_pos0,"[inf, 2.2738632088209076]",scipy,scipy_orth_eval_legendre_DRIVER0,eval_legendre,nan,,
243,087,6,all_nanInput_pos0,"[nan, 2.2738632088209076]",mpmath,mpmath_legendre_DRIVER0,legendre,EXCEPTION: ValueError,,
243,087,6,all_nanInput_pos0,"[nan, 2.2738632088209076]",scipy,scipy_orth_eval_legendre_DRIVER0,eval_legendre,nan,,
244,087,1,all_nanInput_pos1,"[2.533265554575144, nan]",mpmath,mpmath_legendre_DRIVER0,legendre,EXCEPTION: TIMEOUT,,
244,087,1,all_nanInput_pos1,"[2.533265554575144, nan]",scipy,scipy_orth_eval_legendre_DRIVER0,eval_legendre,nan,,
245,088,6,all_infInput_pos1,"[2.533265554575144, inf]",mpmath,mpmath_rf_DRIVER0,rf,inf,,
245,088,6,all_infInput_pos1,"[2.533265554575144, inf]",gsl,gsl_sf_poch_DRIVER,gsl_sf_poch,EXCEPTION: overflow ,,
246,088,6,all_nanInput_pos0,"[nan, 2.2738632088209076]",mpmath,mpmath_rf_DRIVER0,rf,nan,,
246,088,6,all_nanInput_pos0,"[nan, 2.2738632088209076]",gsl,gsl_sf_poch_DRIVER,gsl_sf_poch,EXCEPTION: x too large to extract fraction part ,,
247,088,3,all_negInfInput_pos0,"[-inf, 2.2738632088209076]",mpmath,mpmath_rf_DRIVER0,rf,nan,,
247,088,3,all_negInfInput_pos0,"[-inf, 2.2738632088209076]",gsl,gsl_sf_poch_DRIVER,gsl_sf_poch,0.0,,
248,089,3,all_infInput_pos0,"[0, inf, 2.2738632088209076]",mpmath,mpmath_gegenbauer_DRIVER1,gegenbauer,nan,,
248,089,3,all_infInput_pos0,"[0, inf, 2.2738632088209076]",scipy,scipy_orth_eval_gegenbauer_DRIVER1,eval_gegenbauer,1.0,,
248,089,3,all_infInput_pos0,"[0, inf, 2.2738632088209076]",gsl,gsl_sf_gegenpoly_n_DRIVER,gsl_sf_gegenpoly_n,1.0,,
249,089,2,all_nanInput_pos0,"[0, nan, 2.2738632088209076]",mpmath,mpmath_gegenbauer_DRIVER1,gegenbauer,EXCEPTION: ValueError,,
249,089,2,all_nanInput_pos0,"[0, nan, 2.2738632088209076]",scipy,scipy_orth_eval_gegenbauer_DRIVER1,eval_gegenbauer,1.0,,
249,089,2,all_nanInput_pos0,"[0, nan, 2.2738632088209076]",gsl,gsl_sf_gegenpoly_n_DRIVER,gsl_sf_gegenpoly_n,1.0,,
250,089,4,all_negZeroInput_pos0,"[0, -0.0, 2.2738632088209076]",mpmath,mpmath_gegenbauer_DRIVER1,gegenbauer,0.0,"{'mpmath/scipy': 1.0, 'mpmath/gsl': 1.0, 'scipy/gsl': 0.0}","{'mpmath/scipy': 2.0, 'mpmath/gsl': 2.0, 'scipy/gsl': 0.0}"
250,089,4,all_negZeroInput_pos0,"[0, -0.0, 2.2738632088209076]",scipy,scipy_orth_eval_gegenbauer_DRIVER1,eval_gegenbauer,1.0,"{'mpmath/scipy': 1.0, 'mpmath/gsl': 1.0, 'scipy/gsl': 0.0}","{'mpmath/scipy': 2.0, 'mpmath/gsl': 2.0, 'scipy/gsl': 0.0}"
250,089,4,all_negZeroInput_pos0,"[0, -0.0, 2.2738632088209076]",gsl,gsl_sf_gegenpoly_n_DRIVER,gsl_sf_gegenpoly_n,1.0,"{'mpmath/scipy': 1.0, 'mpmath/gsl': 1.0, 'scipy/gsl': 0.0}","{'mpmath/scipy': 2.0, 'mpmath/gsl': 2.0, 'scipy/gsl': 0.0}"
251,089,5,all_negZeroInput_pos1,"[1, 2.533265554575144, -0.0]",mpmath,mpmath_gegenbauer_DRIVER1,gegenbauer,"EXCEPTION: hypsum() failed to converge to the requested 73 bits of accuracy
using a working precision of 3588 bits. Try with a higher maxprec,
maxterms, or set zeroprec.",,
251,089,5,all_negZeroInput_pos1,"[1, 2.533265554575144, -0.0]",scipy,scipy_orth_eval_gegenbauer_DRIVER1,eval_gegenbauer,-0.0,,
251,089,5,all_negZeroInput_pos1,"[1, 2.533265554575144, -0.0]",gsl,gsl_sf_gegenpoly_n_DRIVER,gsl_sf_gegenpoly_n,-0.0,,
252,090,6,all_infInput_pos0,"[inf, 2.2738632088209076, 1.261714742492535, 0.77675025087889]",mpmath,mpmath_hyp2f1_DRIVER0,hyp2f1,EXCEPTION: ValueError,,
252,090,6,all_infInput_pos0,"[inf, 2.2738632088209076, 1.261714742492535, 0.77675025087889]",scipy,scipy_cephes_hyp2f1_DRIVER0,hyp2f1,nan,,
252,090,6,all_infInput_pos0,"[inf, 2.2738632088209076, 1.261714742492535, 0.77675025087889]",gsl,gsl_sf_hyperg_2F1_DRIVER,gsl_sf_hyperg_2F1,inf,,
253,090,3,all_infInput_pos2,"[2.533265554575144, 2.2738632088209076, inf, 0.77675025087889]",mpmath,mpmath_hyp2f1_DRIVER0,hyp2f1,EXCEPTION: ValueError,,
253,090,3,all_infInput_pos2,"[2.533265554575144, 2.2738632088209076, inf, 0.77675025087889]",scipy,scipy_cephes_hyp2f1_DRIVER0,hyp2f1,1.0,,
253,090,3,all_infInput_pos2,"[2.533265554575144, 2.2738632088209076, inf, 0.77675025087889]",gsl,gsl_sf_hyperg_2F1_DRIVER,gsl_sf_hyperg_2F1,1.0,,
254,090,6,all_nanInput_pos0,"[nan, 2.2738632088209076, 1.261714742492535, 0.77675025087889]",mpmath,mpmath_hyp2f1_DRIVER0,hyp2f1,EXCEPTION: ValueError,,
254,090,6,all_nanInput_pos0,"[nan, 2.2738632088209076, 1.261714742492535, 0.77675025087889]",scipy,scipy_cephes_hyp2f1_DRIVER0,hyp2f1,nan,,
254,090,6,all_nanInput_pos0,"[nan, 2.2738632088209076, 1.261714742492535, 0.77675025087889]",gsl,gsl_sf_hyperg_2F1_DRIVER,gsl_sf_hyperg_2F1,nan,,
255,090,1,all_nanInput_pos3,"[0.40309273233720366, 2.542301210811698, 2.291323856929842, nan]",mpmath,mpmath_hyp2f1_DRIVER0,hyp2f1,EXCEPTION: TIMEOUT,,
255,090,1,all_nanInput_pos3,"[0.40309273233720366, 2.542301210811698, 2.291323856929842, nan]",scipy,scipy_cephes_hyp2f1_DRIVER0,hyp2f1,nan,,
255,090,1,all_nanInput_pos3,"[0.40309273233720366, 2.542301210811698, 2.291323856929842, nan]",gsl,gsl_sf_hyperg_2F1_DRIVER,gsl_sf_hyperg_2F1,EXCEPTION: overflow ,,
256,090,6,all_negZeroInput_pos2,"[2.533265554575144, 2.2738632088209076, -0.0, 0.77675025087889]",mpmath,mpmath_hyp2f1_DRIVER0,hyp2f1,inf,,
256,090,6,all_negZeroInput_pos2,"[2.533265554575144, 2.2738632088209076, -0.0, 0.77675025087889]",scipy,scipy_cephes_hyp2f1_DRIVER0,hyp2f1,inf,,
256,090,6,all_negZeroInput_pos2,"[2.533265554575144, 2.2738632088209076, -0.0, 0.77675025087889]",gsl,gsl_sf_hyperg_2F1_DRIVER,gsl_sf_hyperg_2F1,EXCEPTION: error ,,
257,090,5,gsl_sf_hyperg_2F1_DRIVER~input_num003,"[8.0, -8.1, 1.0, 0.5]",mpmath,mpmath_hyp2f1_DRIVER0,hyp2f1,0.1414738537889993,,
257,090,5,gsl_sf_hyperg_2F1_DRIVER~input_num003,"[8.0, -8.1, 1.0, 0.5]",scipy,scipy_cephes_hyp2f1_DRIVER0,hyp2f1,0.1414738537889993,,
257,090,5,gsl_sf_hyperg_2F1_DRIVER~input_num003,"[8.0, -8.1, 1.0, 0.5]",gsl,gsl_sf_hyperg_2F1_DRIVER,gsl_sf_hyperg_2F1,EXCEPTION: error ,,
258,090,4,gsl_sf_hyperg_2F1_DRIVER~input_num018,"[9.0, 9.0, -100.5, -0.99]",mpmath,mpmath_hyp2f1_DRIVER0,hyp2f1,2.4454358338375677,"{'mpmath/scipy': 4.03108710855804e-08, 'mpmath/gsl': 1.1102230246251565e-14, 'scipy/gsl': 4.031088218781065e-08}","{'mpmath/scipy': 1.6484125322591976e-08, 'mpmath/gsl': 4.5399801919272235e-15, 'scipy/gsl': 1.648412986257217e-08}"
258,090,4,gsl_sf_hyperg_2F1_DRIVER~input_num018,"[9.0, 9.0, -100.5, -0.99]",scipy,scipy_cephes_hyp2f1_DRIVER0,hyp2f1,2.4454358741484388,"{'mpmath/scipy': 4.03108710855804e-08, 'mpmath/gsl': 1.1102230246251565e-14, 'scipy/gsl': 4.031088218781065e-08}","{'mpmath/scipy': 1.6484125322591976e-08, 'mpmath/gsl': 4.5399801919272235e-15, 'scipy/gsl': 1.648412986257217e-08}"
258,090,4,gsl_sf_hyperg_2F1_DRIVER~input_num018,"[9.0, 9.0, -100.5, -0.99]",gsl,gsl_sf_hyperg_2F1_DRIVER,gsl_sf_hyperg_2F1,2.4454358338375566,"{'mpmath/scipy': 4.03108710855804e-08, 'mpmath/gsl': 1.1102230246251565e-14, 'scipy/gsl': 4.031088218781065e-08}","{'mpmath/scipy': 1.6484125322591976e-08, 'mpmath/gsl': 4.5399801919272235e-15, 'scipy/gsl': 1.648412986257217e-08}"
259,090,5,mpmath_hyp2f1_DRIVER0~inputs_num003,"[1.0, 1.0, 0.0, 0.0]",mpmath,mpmath_hyp2f1_DRIVER0,hyp2f1,nan,,
259,090,5,mpmath_hyp2f1_DRIVER0~inputs_num003,"[1.0, 1.0, 0.0, 0.0]",scipy,scipy_cephes_hyp2f1_DRIVER0,hyp2f1,1.0,,
259,090,5,mpmath_hyp2f1_DRIVER0~inputs_num003,"[1.0, 1.0, 0.0, 0.0]",gsl,gsl_sf_hyperg_2F1_DRIVER,gsl_sf_hyperg_2F1,EXCEPTION: error ,,
260,090,6,mpmath_hyp2f1_DRIVER0~inputs_num007,"[1.0, 1.0, 2.0, 1.01]",mpmath,mpmath_hyp2f1_DRIVER0,hyp2f1,"EXCEPTION: float() argument must be a string or a number, not 'mpc'",,
260,090,6,mpmath_hyp2f1_DRIVER0~inputs_num007,"[1.0, 1.0, 2.0, 1.01]",scipy,scipy_cephes_hyp2f1_DRIVER0,hyp2f1,inf,,
260,090,6,mpmath_hyp2f1_DRIVER0~inputs_num007,"[1.0, 1.0, 2.0, 1.01]",gsl,gsl_sf_hyperg_2F1_DRIVER,gsl_sf_hyperg_2F1,EXCEPTION: domain error ,,
